2022-09-20 16:03:10;30.4;36.4;31.33;80.81;35.11;280.41
2022-09-20 16:03:11;30.4;36.4;31.35;108.75;35.11;281.99
2022-09-20 16:03:12;30.4;36.4;31.39;111.49;35.17;282.11
2022-09-20 16:03:13;30.4;36.4;31.49;111.53;378.19;281.47
2022-09-20 16:03:15;30.4;36.5;31.55;111.19;35.13;280.73
2022-09-20 16:03:16;30.4;36.5;31.59;110.79;1033.51;280.45
2022-09-20 16:03:17;30.4;36.6;31.63;110.37;35.07;279.41
2022-09-20 16:03:18;30.4;36.6;31.65;109.71;35.03;280.31
2022-09-20 16:03:20;30.4;36.6;31.73;108.97;35.09;275.73
2022-09-20 16:03:21;30.4;36.6;31.75;107.57;38.83;278.51
2022-09-20 16:03:22;30.4;36.6;31.81;101.77;35.11;275.75
2022-09-20 16:03:23;30.4;36.6;31.85;53.15;35.13;276.55
2022-09-20 16:03:25;30.4;36.5;31.89;106.15;35.13;275.35
2022-09-20 16:03:26;30.4;36.5;31.93;105.99;35.17;275.13
2022-09-20 16:03:27;30.4;36.6;31.95;105.75;35.13;273.99
2022-09-20 16:03:28;30.4;36.6;31.95;105.81;35.15;274.27
2022-09-20 16:03:30;30.4;36.6;31.99;105.99;35.09;270.61
2022-09-20 16:03:31;30.4;36.6;32.05;105.41;35.09;274.09
2022-09-20 16:03:32;30.5;36.5;32.03;104.63;38.57;274.43
2022-09-20 16:03:33;30.5;36.5;32.05;105.33;35.11;274.97
2022-09-20 16:03:34;30.4;36.4;32.11;106.47;35.11;275.67
2022-09-20 16:03:36;30.4;36.4;32.15;108.51;35.09;275.67
2022-09-20 16:03:37;30.4;36.4;32.15;109.83;35.09;277.43
2022-09-20 16:03:38;30.4;36.4;32.17;109.91;35.09;277.39
2022-09-20 16:03:39;30.4;36.4;32.21;108.47;35.15;278.69
2022-09-20 16:03:40;30.4;36.4;32.23;107.75;35.11;278.15
2022-09-20 16:03:42;30.4;36.4;32.25;107.77;35.13;279.23
2022-09-20 16:03:43;30.4;36.4;32.29;107.65;35.11;279.61
2022-09-20 16:03:44;30.4;36.4;32.29;107.65;35.09;280.33
2022-09-20 16:03:45;30.4;36.4;32.33;107.25;35.07;280.25
2022-09-20 16:03:47;30.4;36.4;32.37;105.89;34.49;280.17
2022-09-20 16:03:48;30.4;36.4;32.41;106.19;35.11;280.11
2022-09-20 16:03:49;30.4;36.4;32.43;105.75;35.15;280.83
2022-09-20 16:03:50;30.4;36.4;32.45;105.07;35.17;279.95
2022-09-20 16:03:52;30.4;36.4;32.45;104.87;35.21;279.95
2022-09-20 16:03:53;30.4;36.4;32.49;105.25;35.27;279.67
2022-09-20 16:03:54;30.4;36.4;32.51;106.61;35.29;279.77
2022-09-20 16:03:55;30.4;36.4;32.49;107.71;35.33;279.95
2022-09-20 16:03:57;30.4;36.4;32.53;109.29;35.31;280.71
2022-09-20 16:03:58;30.4;36.4;32.53;109.61;35.35;279.69
2022-09-20 16:03:59;30.4;36.4;32.55;109.21;35.35;280.01
2022-09-20 16:04:00;30.4;36.4;32.59;108.51;35.35;280.05
2022-09-20 16:04:02;30.5;36.4;32.59;108.01;35.37;280.17
2022-09-20 16:04:03;30.5;36.4;32.61;107.61;35.37;280.09
2022-09-20 16:04:04;30.4;36.4;32.63;107.03;35.39;281.15
2022-09-20 16:04:05;30.4;36.4;32.61;106.75;35.43;280.57
2022-09-20 16:04:07;30.4;36.4;32.63;106.23;35.39;281.37
2022-09-20 16:04:08;30.4;36.4;32.67;106.13;35.39;280.79
2022-09-20 16:04:09;30.4;36.4;32.67;105.81;35.35;281.07
2022-09-20 16:04:10;30.4;36.4;32.69;105.03;35.33;280.35
2022-09-20 16:04:12;30.4;36.4;32.73;104.75;35.37;281.71
2022-09-20 16:04:13;30.4;36.4;32.71;104.55;35.39;281.45
2022-09-20 16:04:14;30.4;36.4;32.75;104.07;35.31;280.91
2022-09-20 16:04:15;30.4;36.4;32.81;104.41;35.31;280.93
2022-09-20 16:04:17;30.5;36.5;32.83;103.43;35.29;280.83
2022-09-20 16:04:18;30.5;36.5;32.85;103.53;35.31;280.49
2022-09-20 16:04:19;30.5;36.5;32.85;104.83;35.31;279.53
2022-09-20 16:04:20;30.5;36.5;32.89;105.67;35.23;279.93
2022-09-20 16:04:22;30.5;36.5;32.91;107.23;35.21;279.81
2022-09-20 16:04:23;30.5;36.5;32.93;108.51;35.17;280.29
2022-09-20 16:04:24;30.5;36.5;32.95;108.27;35.21;280.97
2022-09-20 16:04:25;30.5;36.5;32.99;107.83;35.27;280.51
2022-09-20 16:04:27;30.5;36.5;33.03;107.41;35.23;279.79
2022-09-20 16:04:28;30.5;36.5;33.03;106.95;35.27;280.77
2022-09-20 16:04:29;30.5;36.5;32.99;106.65;35.27;275.91
2022-09-20 16:04:30;30.5;36.5;33.03;106.11;35.23;280.53
2022-09-20 16:04:32;30.5;36.5;32.99;105.61;35.27;280.93
2022-09-20 16:04:33;30.5;36.5;33.05;105.73;1037.55;280.41
2022-09-20 16:04:34;30.5;36.5;33.09;104.91;35.23;281.49
2022-09-20 16:04:35;30.5;36.5;33.11;104.65;35.21;281.17
2022-09-20 16:04:36;30.5;36.5;33.13;104.35;35.21;281.01
2022-09-20 16:04:38;30.5;36.5;33.13;104.21;35.25;281.31
2022-09-20 16:04:39;30.4;36.6;33.15;104.93;35.21;280.67
2022-09-20 16:04:40;30.4;36.6;33.15;106.05;35.21;281.09
2022-09-20 16:04:41;30.4;36.6;33.17;107.43;35.21;280.77
2022-09-20 16:04:42;30.4;36.6;33.17;108.69;35.17;280.89
2022-09-20 16:04:44;30.4;36.5;33.23;108.93;35.15;280.41
2022-09-20 16:04:45;30.4;36.5;33.25;107.97;35.15;280.09
2022-09-20 16:04:46;30.5;36.5;33.27;108.15;35.11;280.03
2022-09-20 16:04:47;30.5;36.5;33.27;107.43;35.13;279.61
2022-09-20 16:04:49;30.4;36.5;33.27;106.77;35.11;279.03
2022-09-20 16:04:50;30.4;36.5;33.33;106.77;38.39;279.41
2022-09-20 16:04:51;30.4;36.6;33.33;105.85;38.77;278.07
2022-09-20 16:04:52;30.4;36.6;33.35;106.07;1033.71;277.53
2022-09-20 16:04:54;30.4;36.6;33.37;105.29;35.09;276.17
2022-09-20 16:04:55;30.4;36.6;33.39;105.29;35.07;274.83
2022-09-20 16:04:56;30.4;36.6;33.41;104.37;35.09;273.39
2022-09-20 16:04:57;30.4;36.6;33.41;103.99;35.07;272.53
2022-09-20 16:04:59;30.4;36.6;33.45;103.73;35.07;270.55
2022-09-20 16:05:00;30.4;36.6;33.45;103.17;35.07;269.55
2022-09-20 16:05:01;30.4;36.6;33.45;102.95;35.01;267.45
2022-09-20 16:05:02;30.4;36.6;33.49;102.83;34.97;266.75
2022-09-20 16:05:04;30.5;36.6;33.51;103.03;34.97;265.53
2022-09-20 16:05:05;30.5;36.6;33.49;103.37;34.95;262.95
2022-09-20 16:05:06;30.5;36.6;33.51;105.11;34.95;261.65
2022-09-20 16:05:07;30.5;36.6;33.51;106.57;34.87;261.41
2022-09-20 16:05:09;30.5;36.6;33.55;107.51;34.81;259.73
2022-09-20 16:05:10;30.5;36.6;33.55;107.53;34.79;259.11
2022-09-20 16:05:11;30.5;36.6;33.59;107.15;34.75;258.89
2022-09-20 16:05:12;30.5;36.6;33.59;106.35;34.77;258.17
2022-09-20 16:05:13;30.5;36.6;33.57;106.45;34.71;258.31
2022-09-20 16:05:15;30.5;36.6;33.59;105.67;34.71;259.53
2022-09-20 16:05:16;30.5;36.6;33.59;104.93;34.67;258.95
2022-09-20 16:05:17;30.5;36.6;33.63;105.07;34.65;260.41
2022-09-20 16:05:18;30.5;36.5;33.61;104.75;34.65;260.69
2022-09-20 16:05:19;30.5;36.5;33.67;104.03;34.65;261.11
2022-09-20 16:05:21;30.5;36.5;33.69;103.89;34.69;262.27
2022-09-20 16:05:22;30.5;36.5;33.69;103.51;34.71;262.63
2022-09-20 16:05:23;30.5;36.6;33.71;103.57;34.67;263.53
2022-09-20 16:05:24;30.5;36.6;33.75;102.97;34.65;263.51
2022-09-20 16:05:26;30.5;36.6;33.77;102.63;34.65;264.23
2022-09-20 16:05:27;30.5;36.6;33.75;101.87;34.65;263.71
2022-09-20 16:05:28;30.5;36.6;33.77;102.21;34.65;264.29
2022-09-20 16:05:29;30.5;36.6;33.81;102.21;34.57;263.83
2022-09-20 16:05:31;30.5;36.6;33.81;103.85;34.63;264.07
2022-09-20 16:05:32;30.5;36.6;33.79;105.03;34.59;264.89
2022-09-20 16:05:33;30.4;36.6;33.83;106.97;34.59;265.57
2022-09-20 16:05:34;30.4;36.6;33.81;107.23;34.59;265.89
2022-09-20 16:05:36;30.4;36.6;33.85;106.73;34.65;265.09
2022-09-20 16:05:37;30.4;36.6;33.89;105.83;34.67;265.75
2022-09-20 16:05:38;30.5;36.6;33.91;105.43;34.63;266.51
2022-09-20 16:05:39;30.5;36.6;33.91;105.05;34.67;266.95
2022-09-20 16:05:41;30.5;36.6;33.91;104.31;34.71;268.23
2022-09-20 16:05:42;30.5;36.6;33.91;104.03;34.69;269.25
2022-09-20 16:05:43;30.5;36.5;33.91;103.99;34.69;269.25
2022-09-20 16:05:44;30.5;36.5;33.91;103.33;34.71;270.33
2022-09-20 16:05:46;30.5;36.5;33.91;103.25;34.77;269.91
2022-09-20 16:05:47;30.5;36.5;33.91;102.51;34.77;271.25
2022-09-20 16:05:48;30.5;36.5;33.91;102.23;34.79;272.21
2022-09-20 16:05:49;30.5;36.5;33.89;102.35;34.81;270.81
2022-09-20 16:05:51;30.6;36.4;33.89;102.45;34.77;272.03
2022-09-20 16:05:52;30.6;36.4;33.89;101.53;34.81;272.55
2022-09-20 16:05:53;30.6;36.3;33.91;101.05;34.85;272.43
2022-09-20 16:05:54;30.6;36.3;33.91;101.81;34.81;271.57
2022-09-20 16:05:56;30.7;36.3;33.91;102.87;34.81;270.89
2022-09-20 16:05:57;30.7;36.3;33.91;103.35;34.79;271.31
2022-09-20 16:05:58;30.7;36.2;33.91;105.45;34.79;270.71
2022-09-20 16:05:59;30.7;36.2;33.91;106.37;34.81;270.37
2022-09-20 16:06:01;30.7;36.2;33.93;106.27;34.77;270.19
2022-09-20 16:06:02;30.7;36.2;33.93;106.03;34.77;269.93
2022-09-20 16:06:03;30.8;36.2;33.95;105.89;34.75;269.49
2022-09-20 16:06:04;30.8;36.2;33.93;105.29;34.73;269.11
2022-09-20 16:06:06;30.8;36.0;33.95;104.81;34.73;268.95
2022-09-20 16:06:07;30.8;36.0;33.97;104.67;34.71;268.61
2022-09-20 16:06:08;30.8;36.0;33.95;104.13;34.77;269.41
2022-09-20 16:06:09;30.8;36.0;33.99;103.17;1033.17;268.85
2022-09-20 16:06:11;30.8;36.0;33.97;103.45;34.87;270.39
2022-09-20 16:06:12;30.8;36.0;33.95;102.43;34.91;271.15
2022-09-20 16:06:13;30.9;35.9;33.97;102.75;34.97;272.91
2022-09-20 16:06:14;30.9;35.9;33.95;101.87;34.99;273.25
2022-09-20 16:06:15;31.0;35.9;33.95;103.17;35.11;274.07
2022-09-20 16:06:17;31.0;35.9;33.93;104.53;35.17;274.65
2022-09-20 16:06:18;31.0;35.8;33.93;105.93;35.19;276.55
2022-09-20 16:06:19;31.0;35.8;33.91;106.97;35.27;277.87
2022-09-20 16:06:20;31.1;35.8;33.93;107.69;35.33;279.29
2022-09-20 16:06:21;31.1;35.8;33.95;107.51;35.37;280.39
2022-09-20 16:06:23;31.1;35.7;33.93;106.75;35.53;282.03
2022-09-20 16:06:24;31.1;35.7;33.91;106.59;35.61;283.25
2022-09-20 16:06:25;31.1;35.7;33.91;106.01;35.65;284.11
2022-09-20 16:06:26;31.1;35.7;33.89;105.47;35.71;285.79
2022-09-20 16:06:28;31.1;35.7;33.93;104.83;35.79;286.31
2022-09-20 16:06:29;31.1;35.7;33.91;104.27;35.81;287.93
2022-09-20 16:06:30;31.1;35.6;33.93;104.65;37.05;290.51
2022-09-20 16:06:31;31.1;35.6;33.85;103.81;35.99;290.93
2022-09-20 16:06:33;31.1;35.6;33.91;103.27;36.01;292.53
2022-09-20 16:06:34;31.1;35.6;33.89;103.45;36.05;293.73
2022-09-20 16:06:35;31.2;35.6;33.91;102.93;36.19;294.69
2022-09-20 16:06:36;31.2;35.6;33.93;102.63;36.23;295.49
2022-09-20 16:06:38;31.1;35.6;33.93;102.19;36.27;297.19
2022-09-20 16:06:39;31.1;35.6;33.89;101.87;1034.99;297.27
2022-09-20 16:06:40;31.1;35.5;33.91;102.17;36.35;298.09
2022-09-20 16:06:41;31.1;35.5;33.91;103.27;36.35;298.25
2022-09-20 16:06:43;31.1;35.5;33.91;104.47;36.39;298.15
2022-09-20 16:06:44;31.1;35.5;33.91;105.89;36.39;299.31
2022-09-20 16:06:45;31.2;35.5;33.91;106.65;36.43;299.07
2022-09-20 16:06:46;31.2;35.5;33.91;107.51;37.95;298.37
2022-09-20 16:06:48;31.2;35.5;33.91;106.67;36.53;297.65
2022-09-20 16:06:49;31.2;35.5;33.91;105.77;36.53;298.51
2022-09-20 16:06:50;31.2;35.4;33.91;105.89;36.59;299.25
2022-09-20 16:06:51;31.2;35.4;33.91;105.11;36.67;299.01
2022-09-20 16:06:52;31.2;35.4;33.95;104.57;36.71;297.83
2022-09-20 16:06:54;31.2;35.4;33.95;103.93;36.77;298.77
2022-09-20 16:06:55;31.2;35.4;33.97;103.79;36.79;297.83
2022-09-20 16:06:56;31.2;35.4;33.93;104.11;36.79;298.75
2022-09-20 16:06:57;31.2;35.4;33.97;103.25;36.83;297.07
2022-09-20 16:06:58;31.2;35.4;33.97;102.75;35.95;296.05
2022-09-20 16:07:00;31.2;35.4;33.97;102.57;36.89;295.43
2022-09-20 16:07:01;31.2;35.4;33.97;101.85;1035.31;293.53
2022-09-20 16:07:02;31.2;35.3;33.97;102.27;36.89;292.83
2022-09-20 16:07:03;31.2;35.3;33.97;101.61;36.89;291.31
2022-09-20 16:07:05;31.2;35.4;33.97;101.47;36.91;290.51
2022-09-20 16:07:06;31.2;35.4;33.95;101.75;36.85;289.33
2022-09-20 16:07:07;31.2;35.4;33.97;103.09;36.81;290.29
2022-09-20 16:07:08;31.2;35.4;33.97;104.77;36.81;289.81
2022-09-20 16:07:10;31.2;35.4;33.95;106.35;36.81;289.65
2022-09-20 16:07:11;31.2;35.4;33.97;106.35;36.77;290.13
2022-09-20 16:07:12;31.2;35.4;33.97;105.85;36.71;290.47
2022-09-20 16:07:13;31.2;35.4;33.95;105.65;36.77;291.09
2022-09-20 16:07:15;31.2;35.4;33.95;105.77;36.67;292.71
2022-09-20 16:07:16;31.2;35.4;33.95;104.61;36.71;291.85
2022-09-20 16:07:17;31.2;35.4;33.95;104.71;36.69;294.07
2022-09-20 16:07:18;31.2;35.4;33.95;103.83;36.71;294.95
2022-09-20 16:07:20;31.2;35.4;33.93;103.45;36.71;296.33
2022-09-20 16:07:21;31.2;35.4;33.95;103.67;1037.55;296.55
2022-09-20 16:07:22;31.2;35.3;33.93;103.43;35.43;297.85
2022-09-20 16:07:23;31.2;35.3;33.93;103.07;36.73;297.49
2022-09-20 16:07:25;31.2;35.4;33.97;102.05;36.79;298.23
2022-09-20 16:07:26;31.2;35.4;33.95;102.13;36.83;298.79
2022-09-20 16:07:27;31.2;35.3;33.95;104.11;36.81;300.73
2022-09-20 16:07:28;31.2;35.3;33.93;104.57;36.83;299.55
2022-09-20 16:07:29;31.1;35.3;33.91;106.45;36.85;299.69
2022-09-20 16:07:31;31.1;35.3;33.95;106.99;36.89;297.99
2022-09-20 16:07:32;31.2;35.3;33.93;107.13;36.99;298.45
2022-09-20 16:07:33;31.2;35.3;33.95;107.31;36.99;298.79
2022-09-20 16:07:34;31.1;35.3;33.95;106.93;37.05;297.27
2022-09-20 16:07:35;31.1;35.3;33.97;106.49;37.03;295.75
2022-09-20 16:07:37;31.1;35.3;34.01;105.23;37.15;292.59
2022-09-20 16:07:38;31.1;35.3;33.97;104.87;37.11;291.29
2022-09-20 16:07:39;31.1;35.4;33.97;105.05;37.09;290.77
2022-09-20 16:07:41;31.1;35.4;33.99;103.87;37.09;287.61
2022-09-20 16:07:42;31.2;35.4;33.97;104.23;37.09;287.43
2022-09-20 16:07:43;31.2;35.4;33.97;103.05;37.07;285.09
2022-09-20 16:07:44;31.1;35.4;33.99;103.11;37.05;285.17
2022-09-20 16:07:45;31.1;35.4;33.99;103.29;1035.47;284.21
2022-09-20 16:07:47;31.1;35.4;33.97;103.05;37.05;283.65
2022-09-20 16:07:48;31.1;35.4;33.97;102.71;37.05;282.25
2022-09-20 16:07:50;31.1;35.3;33.97;101.65;37.01;280.61
2022-09-20 16:07:51;31.1;35.3;33.97;101.55;37.03;280.51
2022-09-20 16:07:52;31.1;35.4;33.97;102.95;36.99;281.35
2022-09-20 16:07:53;31.1;35.4;33.95;103.35;37.03;279.65
2022-09-20 16:07:54;31.1;35.4;33.93;105.29;37.01;279.97
2022-09-20 16:07:56;31.1;35.4;33.95;106.55;37.05;278.03
2022-09-20 16:07:57;31.1;35.3;33.93;106.95;37.11;277.75
2022-09-20 16:07:58;31.1;35.3;33.95;106.67;37.11;276.69
2022-09-20 16:07:59;31.1;35.4;33.93;106.25;37.07;275.19
2022-09-20 16:08:00;31.1;35.4;33.95;106.25;37.05;275.85
2022-09-20 16:08:02;31.1;35.4;33.95;104.81;37.07;272.13
2022-09-20 16:08:03;31.1;35.4;33.93;105.19;1037.55;272.07
2022-09-20 16:08:04;31.1;35.4;33.93;104.81;37.07;269.99
2022-09-20 16:08:05;31.1;35.4;33.93;104.03;37.07;268.63
2022-09-20 16:08:07;31.1;35.4;33.95;104.05;37.03;269.75
2022-09-20 16:08:08;31.1;35.4;33.93;103.27;37.03;267.85
2022-09-20 16:08:09;31.1;35.4;33.95;103.11;36.99;266.89
2022-09-20 16:08:10;31.1;35.4;33.93;103.27;36.95;268.43
2022-09-20 16:08:12;31.1;35.4;33.93;103.35;36.91;267.15
2022-09-20 16:08:13;31.1;35.4;33.95;104.35;36.85;269.73
2022-09-20 16:08:14;31.1;35.4;33.97;105.45;36.81;268.31
2022-09-20 16:08:15;31.1;35.4;33.97;107.33;1037.55;269.49
2022-09-20 16:08:17;31.1;35.4;33.95;107.63;36.69;270.07
2022-09-20 16:08:18;31.1;35.4;33.97;107.47;36.65;270.49
2022-09-20 16:08:19;31.1;35.4;33.97;107.71;36.57;272.85
2022-09-20 16:08:20;31.1;35.4;33.99;107.03;36.53;272.09
2022-09-20 16:08:22;31.1;35.4;33.99;106.09;36.47;273.37
2022-09-20 16:08:23;31.1;35.4;33.95;105.77;36.45;274.49
2022-09-20 16:08:24;31.0;35.5;33.97;105.77;38.97;277.05
2022-09-20 16:08:25;31.0;35.5;33.99;105.63;36.47;277.59
2022-09-20 16:08:27;31.0;35.5;33.99;104.35;36.45;277.87
2022-09-20 16:08:28;31.0;35.5;33.99;104.75;36.45;279.61
2022-09-20 16:08:29;31.0;35.5;33.99;103.69;36.51;277.15
2022-09-20 16:08:30;31.0;35.5;34.05;103.45;36.51;279.47
2022-09-20 16:08:31;31.0;35.5;34.03;102.93;36.51;280.13
2022-09-20 16:08:33;31.0;35.5;34.01;102.63;36.59;281.39
2022-09-20 16:08:34;31.0;35.5;33.99;102.53;36.63;282.59
2022-09-20 16:08:35;31.0;35.5;33.99;102.63;36.65;284.57
2022-09-20 16:08:36;31.1;35.5;34.01;102.69;36.67;284.61
2022-09-20 16:08:37;31.1;35.5;33.99;102.95;36.69;286.25
2022-09-20 16:08:39;31.0;35.6;33.99;104.15;36.69;287.37
2022-09-20 16:08:40;31.0;35.6;34.01;105.91;36.73;289.65
2022-09-20 16:08:41;31.0;35.6;33.99;106.51;36.79;288.27
2022-09-20 16:08:42;31.0;35.6;34.01;107.19;36.81;288.83
2022-09-20 16:08:44;31.1;35.6;34.03;106.85;37.95;289.15
2022-09-20 16:08:45;31.1;35.6;34.01;106.73;36.83;287.47
2022-09-20 16:08:46;31.0;35.6;34.01;105.75;36.89;287.33
2022-09-20 16:08:47;31.0;35.6;34.01;105.19;36.87;287.39
2022-09-20 16:08:49;31.0;35.6;34.05;105.57;36.87;284.89
2022-09-20 16:08:50;31.0;35.6;34.05;105.23;36.91;285.31
2022-09-20 16:08:51;31.0;35.6;34.07;104.61;36.91;283.81
2022-09-20 16:08:52;31.0;35.6;34.01;104.53;36.91;284.65
2022-09-20 16:08:54;31.0;35.6;34.05;102.89;36.87;282.69
2022-09-20 16:08:55;31.0;35.6;34.03;103.23;36.87;282.67
2022-09-20 16:08:56;31.0;35.6;34.11;102.69;36.89;281.31
2022-09-20 16:08:57;31.0;35.6;34.07;102.43;36.87;280.87
2022-09-20 16:08:59;31.0;35.6;34.07;102.43;36.89;281.63
2022-09-20 16:09:00;31.0;35.6;34.07;102.01;36.89;280.99
2022-09-20 16:09:01;31.0;35.6;34.11;101.25;35.23;282.17
2022-09-20 16:09:02;31.0;35.6;34.07;101.33;36.87;281.39
2022-09-20 16:09:04;31.0;35.7;34.07;103.43;35.63;283.79
2022-09-20 16:09:05;31.0;35.7;34.11;103.85;36.85;283.75
2022-09-20 16:09:06;31.0;35.7;34.11;106.09;36.87;287.75
2022-09-20 16:09:07;31.0;35.7;34.11;106.11;36.95;285.59
2022-09-20 16:09:08;31.0;35.6;34.15;107.07;36.91;287.79
2022-09-20 16:09:10;31.0;35.6;34.13;106.31;36.95;288.99
2022-09-20 16:09:11;31.0;35.6;34.15;105.57;36.91;288.75
2022-09-20 16:09:12;31.0;35.6;34.15;104.79;36.95;290.07
2022-09-20 16:09:13;31.0;35.6;34.15;104.75;36.95;290.01
2022-09-20 16:09:14;31.0;35.6;34.15;103.99;36.93;288.41
2022-09-20 16:09:16;31.0;35.6;34.17;103.41;36.87;290.53
2022-09-20 16:09:17;31.0;35.6;34.17;103.61;36.83;290.83
2022-09-20 16:09:19;31.0;35.7;34.15;103.33;36.87;292.87
2022-09-20 16:09:20;31.0;35.7;34.17;102.35;37.27;291.59
2022-09-20 16:09:21;30.9;35.6;34.15;102.75;36.87;292.57
2022-09-20 16:09:22;30.9;35.6;34.15;102.15;36.89;292.77
2022-09-20 16:09:24;30.9;35.7;34.13;103.49;36.89;292.61
2022-09-20 16:09:25;30.9;35.7;34.17;104.53;36.91;292.57
2022-09-20 16:09:26;30.9;35.7;34.15;106.05;36.93;292.17
2022-09-20 16:09:27;30.9;35.7;34.15;106.39;36.91;292.51
2022-09-20 16:09:29;30.9;35.7;34.19;107.41;36.99;291.39
2022-09-20 16:09:30;30.9;35.7;34.19;106.69;36.99;288.69
2022-09-20 16:09:31;30.9;35.7;34.19;105.87;36.95;288.37
2022-09-20 16:09:32;30.9;35.7;34.19;105.51;36.95;288.27
2022-09-20 16:09:33;30.9;35.7;34.21;105.33;37.03;288.21
2022-09-20 16:09:35;30.9;35.7;34.19;105.35;37.07;286.95
2022-09-20 16:09:36;31.0;35.7;34.19;104.27;37.09;287.97
2022-09-20 16:09:37;31.0;35.7;34.19;104.81;1037.55;285.27
2022-09-20 16:09:38;30.9;35.6;34.23;103.49;37.09;280.37
2022-09-20 16:09:39;30.9;35.6;34.21;104.11;1037.55;280.09
2022-09-20 16:09:41;31.0;35.7;34.21;102.83;37.13;277.77
2022-09-20 16:09:42;31.0;35.7;34.21;103.33;37.13;277.75
2022-09-20 16:09:43;30.9;35.7;34.21;102.55;37.11;275.41
2022-09-20 16:09:44;30.9;35.7;34.21;102.87;37.15;273.81
2022-09-20 16:09:46;30.9;35.7;34.21;101.83;37.15;274.33
2022-09-20 16:09:47;30.9;35.7;34.23;101.15;37.15;275.51
2022-09-20 16:09:48;30.9;35.7;34.25;101.53;37.13;272.65
2022-09-20 16:09:49;30.9;35.7;34.21;102.93;37.13;271.75
2022-09-20 16:09:51;30.9;35.7;34.23;104.49;36.23;272.65
2022-09-20 16:09:52;30.9;35.7;34.21;105.41;37.15;274.25
2022-09-20 16:09:53;30.9;35.7;34.25;107.25;37.15;276.31
2022-09-20 16:09:54;30.9;35.7;34.21;105.99;37.17;274.51
2022-09-20 16:09:56;30.9;35.7;34.25;105.41;37.11;276.53
2022-09-20 16:09:57;30.9;35.7;34.23;106.09;37.11;278.05
2022-09-20 16:09:58;30.9;35.7;34.25;104.87;37.13;277.27
2022-09-20 16:09:59;30.9;35.7;34.27;105.03;37.15;280.59
2022-09-20 16:10:01;30.9;35.7;34.25;104.35;37.23;280.17
2022-09-20 16:10:02;30.9;35.7;34.23;104.53;37.25;282.13
2022-09-20 16:10:03;30.9;35.7;34.27;103.33;37.27;283.71
2022-09-20 16:10:04;30.9;35.7;34.27;103.73;37.29;286.13
2022-09-20 16:10:06;30.9;35.7;34.27;102.51;37.31;285.69
2022-09-20 16:10:07;30.9;35.7;34.29;102.63;37.27;286.83
2022-09-20 16:10:08;30.9;35.7;34.33;102.47;35.95;288.17
2022-09-20 16:10:09;30.9;35.7;34.33;102.79;37.27;287.43
2022-09-20 16:10:10;30.9;35.7;34.35;104.23;36.55;290.39
2022-09-20 16:10:12;30.9;35.7;34.35;106.07;37.21;291.43
2022-09-20 16:10:13;30.9;35.7;34.35;107.35;37.23;292.03
2022-09-20 16:10:14;30.9;35.7;34.37;106.85;37.23;293.83
2022-09-20 16:10:15;30.9;35.7;34.29;106.63;37.25;294.31
2022-09-20 16:10:16;30.9;35.7;34.33;107.15;37.27;296.65
2022-09-20 16:10:18;30.9;35.7;34.35;105.59;37.33;295.05
2022-09-20 16:10:19;30.9;35.7;34.35;105.13;37.33;296.79
2022-09-20 16:10:20;30.9;35.7;34.35;105.57;35.67;299.71
2022-09-20 16:10:21;30.9;35.7;34.35;104.39;37.35;296.81
2022-09-20 16:10:23;30.9;35.7;34.37;103.91;37.35;297.87
2022-09-20 16:10:24;30.9;35.7;34.39;103.79;37.33;296.61
2022-09-20 16:10:25;30.9;35.7;34.39;103.27;35.49;298.47
2022-09-20 16:10:26;30.9;35.7;34.37;103.63;37.33;296.41
2022-09-20 16:10:28;30.9;35.7;34.37;102.75;37.29;294.13
2022-09-20 16:10:29;30.9;35.7;34.39;103.27;37.23;293.51
2022-09-20 16:10:30;30.8;35.7;34.41;101.93;37.23;290.99
2022-09-20 16:10:32;30.8;35.7;34.43;101.41;37.21;290.67
2022-09-20 16:10:33;30.8;35.7;34.41;101.85;37.17;289.99
2022-09-20 16:10:34;30.8;35.7;34.45;101.99;37.17;288.33
2022-09-20 16:10:35;30.9;35.7;34.43;102.89;37.15;286.45
2022-09-20 16:10:36;30.9;35.7;34.43;104.99;37.17;285.23
2022-09-20 16:10:38;30.9;35.7;34.43;105.51;37.15;284.43
2022-09-20 16:10:39;30.9;35.7;34.45;106.87;37.15;279.85
2022-09-20 16:10:40;30.9;35.7;34.43;106.91;37.09;279.01
2022-09-20 16:10:41;30.9;35.7;34.41;105.65;37.13;277.31
2022-09-20 16:10:43;30.9;35.7;34.43;105.53;37.03;276.17
2022-09-20 16:10:44;30.9;35.7;34.43;104.53;36.95;274.79
2022-09-20 16:10:45;30.9;35.7;34.43;104.85;36.89;275.35
2022-09-20 16:10:46;30.9;35.7;34.41;104.63;36.83;278.09
2022-09-20 16:10:48;30.8;35.7;34.41;103.41;36.81;275.21
2022-09-20 16:10:49;30.8;35.7;34.41;103.69;36.83;276.89
2022-09-20 16:10:50;30.8;35.7;34.39;102.69;36.83;277.77
2022-09-20 16:10:51;30.8;35.7;34.39;102.41;36.91;276.67
2022-09-20 16:10:53;30.8;35.7;34.39;102.83;36.03;277.81
2022-09-20 16:10:54;30.8;35.7;34.37;101.67;36.87;278.33
2022-09-20 16:10:55;30.9;35.6;34.39;102.35;36.87;281.61
2022-09-20 16:10:56;30.9;35.6;34.39;101.35;36.91;280.13
2022-09-20 16:10:58;30.8;35.7;34.41;101.11;36.89;282.83
2022-09-20 16:10:59;30.8;35.7;34.41;101.35;36.91;283.65
2022-09-20 16:11:00;30.8;35.6;34.39;101.49;36.91;282.51
2022-09-20 16:11:01;30.8;35.6;34.41;103.15;36.91;283.91
2022-09-20 16:11:03;30.9;35.6;34.37;105.31;36.89;284.01
2022-09-20 16:11:04;30.9;35.6;34.39;106.11;36.89;283.89
2022-09-20 16:11:05;30.9;35.6;34.41;106.91;36.85;282.41
2022-09-20 16:11:06;30.9;35.6;34.37;106.59;36.79;282.83
2022-09-20 16:11:08;30.9;35.6;34.39;105.77;36.73;280.43
2022-09-20 16:11:09;30.9;35.6;34.37;105.05;36.71;279.09
2022-09-20 16:11:10;30.9;35.6;34.37;104.31;36.65;278.55
2022-09-20 16:11:11;30.9;35.6;34.39;104.59;379.67;277.69
2022-09-20 16:11:12;30.9;35.6;34.39;103.43;36.65;276.49
2022-09-20 16:11:14;30.9;35.6;34.39;102.83;36.57;276.43
2022-09-20 16:11:15;30.9;35.6;34.37;103.45;36.49;276.45
2022-09-20 16:11:16;30.9;35.6;34.39;102.55;36.45;276.39
2022-09-20 16:11:17;30.9;35.7;34.35;102.55;36.45;274.75
2022-09-20 16:11:18;30.9;35.7;34.37;102.49;36.41;276.25
2022-09-20 16:11:20;30.9;35.7;34.39;103.11;36.35;276.09
2022-09-20 16:11:21;30.9;35.7;34.37;104.31;36.27;277.41
2022-09-20 16:11:22;30.9;35.7;34.37;104.85;36.25;277.69
2022-09-20 16:11:23;30.9;35.7;34.39;105.87;36.25;278.65
2022-09-20 16:11:25;30.9;35.7;34.37;107.75;36.23;279.61
2022-09-20 16:11:26;30.9;35.7;34.35;106.57;36.27;279.27
2022-09-20 16:11:27;30.9;35.7;34.37;106.19;36.27;280.31
2022-09-20 16:11:28;30.9;35.7;34.37;106.29;36.29;280.19
2022-09-20 16:11:30;30.9;35.7;34.39;105.37;36.31;279.47
2022-09-20 16:11:31;30.9;35.7;34.37;104.73;36.29;278.91
2022-09-20 16:11:32;30.9;35.7;34.37;104.01;36.31;277.95
2022-09-20 16:11:33;30.9;35.7;34.37;104.69;36.29;276.95
2022-09-20 16:11:35;30.9;35.7;34.37;104.41;36.31;277.57
2022-09-20 16:11:36;30.9;35.7;34.39;103.29;36.35;274.67
2022-09-20 16:11:37;30.8;35.7;34.39;103.09;36.35;276.99
2022-09-20 16:11:38;30.8;35.7;34.39;103.25;1037.55;273.95
2022-09-20 16:11:40;30.9;35.7;34.37;102.11;36.27;271.15
2022-09-20 16:11:41;30.9;35.7;34.37;101.93;35.63;271.73
2022-09-20 16:11:42;30.9;35.7;34.37;101.95;36.25;270.35
2022-09-20 16:11:43;30.9;35.7;34.37;101.53;36.27;269.17
2022-09-20 16:11:45;30.9;35.7;34.39;101.19;36.23;268.55
2022-09-20 16:11:46;30.9;35.7;34.39;102.35;1034.67;268.13
2022-09-20 16:11:47;30.9;35.7;34.39;104.11;36.23;268.55
2022-09-20 16:11:48;30.9;35.7;34.37;105.55;36.25;268.91
2022-09-20 16:11:49;30.9;35.7;34.37;105.97;36.25;267.71
2022-09-20 16:11:51;30.9;35.7;34.35;106.53;36.21;269.17
2022-09-20 16:11:52;30.9;35.7;34.37;106.63;36.21;271.37
2022-09-20 16:11:53;30.9;35.7;34.41;105.65;36.25;269.91
2022-09-20 16:11:54;30.9;35.7;34.41;104.95;36.23;271.97
2022-09-20 16:11:55;30.9;35.7;34.41;105.23;36.23;272.45
2022-09-20 16:11:57;30.9;35.7;34.39;104.39;36.93;273.49
2022-09-20 16:11:58;30.9;35.7;34.41;103.45;36.25;273.91
2022-09-20 16:12:00;30.9;35.7;34.43;103.55;36.23;275.13
2022-09-20 16:12:01;30.9;35.7;34.41;102.99;36.21;277.75
2022-09-20 16:12:02;30.8;35.7;34.39;103.29;36.17;278.69
2022-09-20 16:12:03;30.8;35.7;34.39;102.47;36.17;278.37
2022-09-20 16:12:04;30.9;35.7;34.43;102.21;36.09;280.85
2022-09-20 16:12:05;30.9;35.7;34.41;102.33;36.03;281.39
2022-09-20 16:12:07;30.9;35.7;34.41;101.11;36.05;281.65
2022-09-20 16:12:08;30.9;35.7;34.39;100.85;36.07;283.53
2022-09-20 16:12:10;30.9;35.7;34.43;100.89;36.07;282.59
2022-09-20 16:12:11;30.9;35.7;34.35;100.93;36.09;281.83
2022-09-20 16:12:12;30.9;35.7;34.37;102.55;36.07;281.75
2022-09-20 16:12:13;30.9;35.7;34.39;104.05;36.05;282.81
2022-09-20 16:12:14;30.9;35.7;34.37;104.91;36.07;281.23
2022-09-20 16:12:16;30.9;35.7;34.37;106.73;36.09;281.23
2022-09-20 16:12:17;30.9;35.7;34.37;105.47;36.05;277.99
2022-09-20 16:12:18;30.9;35.7;34.39;105.51;36.07;278.73
2022-09-20 16:12:19;30.9;35.7;34.39;105.47;36.09;278.35
2022-09-20 16:12:20;30.9;35.7;34.37;104.13;1037.55;275.37
2022-09-20 16:12:22;30.9;35.7;34.39;104.19;34.73;276.69
2022-09-20 16:12:23;30.9;35.7;34.37;104.01;36.09;274.35
2022-09-20 16:12:24;30.9;35.6;34.37;103.27;36.09;272.75
2022-09-20 16:12:25;30.9;35.6;34.37;103.35;36.07;272.23
2022-09-20 16:12:27;30.9;35.6;34.35;102.71;36.09;272.73
2022-09-20 16:12:28;30.9;35.6;34.37;102.55;36.09;272.37
2022-09-20 16:12:29;30.9;35.6;34.37;102.13;36.13;271.51
2022-09-20 16:12:30;30.9;35.6;34.35;101.65;36.13;271.63
2022-09-20 16:12:32;30.9;35.6;34.35;101.55;36.09;272.51
2022-09-20 16:12:33;30.9;35.6;34.35;101.67;36.15;274.05
2022-09-20 16:12:34;30.9;35.6;34.35;100.35;36.15;274.43
2022-09-20 16:12:35;30.9;35.6;34.37;101.21;36.13;275.63
2022-09-20 16:12:37;30.9;35.6;34.37;102.29;36.13;276.77
2022-09-20 16:12:38;30.9;35.6;34.41;102.69;36.17;277.21
2022-09-20 16:12:39;30.9;35.6;34.37;104.05;36.57;278.23
2022-09-20 16:12:40;30.9;35.6;34.33;106.25;36.17;279.99
2022-09-20 16:12:42;30.9;35.6;34.37;106.43;36.19;281.75
2022-09-20 16:12:43;30.9;35.6;34.35;105.15;36.19;281.15
2022-09-20 16:12:44;30.9;35.6;34.37;104.73;36.25;284.23
2022-09-20 16:12:45;30.9;35.6;34.37;105.03;38.47;284.51
2022-09-20 16:12:47;30.9;35.6;34.37;103.65;36.29;283.95
2022-09-20 16:12:48;30.9;35.6;34.35;103.47;36.27;286.31
2022-09-20 16:12:49;30.9;35.6;34.39;103.51;36.27;285.81
2022-09-20 16:12:50;30.9;35.6;34.37;102.83;36.27;285.13
2022-09-20 16:12:51;30.9;35.6;34.37;103.51;34.25;285.19
2022-09-20 16:12:53;30.9;35.6;34.37;102.29;36.25;285.07
2022-09-20 16:12:54;30.9;35.6;34.35;101.61;36.15;284.51
2022-09-20 16:12:55;30.9;35.6;34.37;102.39;36.21;284.71
2022-09-20 16:12:56;30.9;35.6;34.33;102.05;36.25;282.11
2022-09-20 16:12:57;30.9;35.6;34.35;103.19;36.25;282.83
2022-09-20 16:12:59;30.9;35.6;34.35;105.35;37.07;282.01
2022-09-20 16:13:00;30.9;35.6;34.35;105.77;36.23;278.95
2022-09-20 16:13:01;30.9;35.6;34.35;106.97;36.23;279.29
2022-09-20 16:13:02;30.9;35.6;34.35;106.57;36.21;278.23
2022-09-20 16:13:04;30.9;35.6;34.35;106.99;36.23;279.03
2022-09-20 16:13:05;30.9;35.6;34.35;105.29;36.21;279.09
2022-09-20 16:13:06;30.9;35.6;34.35;104.81;36.17;279.19
2022-09-20 16:13:07;30.9;35.6;34.33;105.49;36.19;279.09
2022-09-20 16:13:09;30.9;35.5;34.33;104.53;36.13;278.51
2022-09-20 16:13:10;30.9;35.5;34.33;103.69;36.13;278.51
2022-09-20 16:13:11;30.9;35.6;34.33;104.29;36.07;279.87
2022-09-20 16:13:12;30.9;35.6;34.29;103.51;1037.55;280.95
2022-09-20 16:13:14;30.9;35.6;34.33;102.63;36.07;281.33
2022-09-20 16:13:15;30.9;35.6;34.33;102.87;36.05;281.39
2022-09-20 16:13:16;30.9;35.6;34.33;102.07;36.01;280.21
2022-09-20 16:13:17;30.9;35.6;34.29;102.29;35.99;279.83
2022-09-20 16:13:19;30.9;35.6;34.33;101.97;35.99;281.39
2022-09-20 16:13:20;30.9;35.6;34.27;101.61;35.97;279.97
2022-09-20 16:13:21;30.8;35.6;34.29;101.95;36.01;278.53
2022-09-20 16:13:22;30.8;35.6;34.27;102.41;36.05;278.61
2022-09-20 16:13:24;30.8;35.6;34.29;103.61;36.03;276.73
2022-09-20 16:13:25;30.8;35.6;34.29;105.63;36.01;275.63
2022-09-20 16:13:26;30.9;35.6;34.29;106.21;36.01;273.95
2022-09-20 16:13:27;30.9;35.6;34.33;106.03;36.05;274.81
2022-09-20 16:13:29;30.9;35.6;34.29;106.57;36.05;274.35
2022-09-20 16:13:30;30.9;35.6;34.29;105.43;36.07;273.79
2022-09-20 16:13:31;30.9;35.6;34.33;105.27;36.09;274.25
2022-09-20 16:13:32;30.9;35.6;34.29;104.35;36.07;276.15
2022-09-20 16:13:34;30.9;35.6;34.27;104.55;36.15;275.67
2022-09-20 16:13:35;30.9;35.6;34.27;104.95;36.17;276.55
2022-09-20 16:13:36;30.9;35.6;34.29;103.09;35.91;275.77
2022-09-20 16:13:37;30.9;35.6;34.29;103.11;36.21;277.75
2022-09-20 16:13:39;30.9;35.6;34.33;103.45;36.21;278.95
2022-09-20 16:13:40;30.9;35.6;34.29;102.31;1037.55;279.11
2022-09-20 16:13:41;30.9;35.6;34.29;101.77;36.27;280.89
2022-09-20 16:13:42;30.9;35.6;34.33;102.35;36.37;281.77
2022-09-20 16:13:44;30.9;35.5;34.33;101.83;36.37;282.79
2022-09-20 16:13:45;30.9;35.5;34.33;101.33;36.37;283.09
2022-09-20 16:13:46;30.9;35.6;34.33;101.63;36.37;282.13
2022-09-20 16:13:47;30.9;35.6;34.33;101.59;36.41;284.41
2022-09-20 16:13:49;30.9;35.6;34.33;103.37;36.43;285.01
2022-09-20 16:13:50;30.9;35.6;34.33;104.07;36.41;284.67
2022-09-20 16:13:51;30.9;35.6;34.33;105.03;38.91;286.01
2022-09-20 16:13:52;30.9;35.6;34.35;106.45;36.43;285.51
2022-09-20 16:13:53;30.9;35.6;34.29;105.79;36.47;285.53
2022-09-20 16:13:55;30.9;35.6;34.33;104.81;36.45;286.91
2022-09-20 16:13:56;30.9;35.5;34.33;105.67;36.47;286.75
2022-09-20 16:13:57;30.9;35.5;34.33;104.21;36.47;286.55
2022-09-20 16:13:58;30.9;35.5;34.35;104.35;36.45;287.37
2022-09-20 16:13:59;30.9;35.5;34.35;103.91;36.51;289.61
2022-09-20 16:14:01;30.9;35.5;34.37;103.69;36.53;291.03
2022-09-20 16:14:02;30.9;35.5;34.33;103.63;36.57;291.15
2022-09-20 16:14:03;30.9;35.5;34.33;102.19;36.57;290.75
2022-09-20 16:14:04;30.9;35.5;34.35;102.05;36.63;290.85
2022-09-20 16:14:06;30.9;35.4;34.33;102.67;36.59;291.91
2022-09-20 16:14:07;30.9;35.4;34.33;101.49;36.57;290.99
2022-09-20 16:14:08;30.9;35.4;34.33;103.27;36.53;293.01
2022-09-20 16:14:09;30.9;35.4;34.35;104.39;36.57;292.37
2022-09-20 16:14:11;30.9;35.4;34.37;106.61;36.51;291.49
2022-09-20 16:14:12;30.9;35.4;34.33;106.67;1037.55;290.95
2022-09-20 16:14:13;30.9;35.4;34.33;106.89;36.51;289.61
2022-09-20 16:14:14;30.9;35.4;34.35;106.67;36.45;289.33
2022-09-20 16:14:16;30.9;35.4;34.33;106.59;36.41;288.17
2022-09-20 16:14:17;30.9;35.4;34.35;105.05;36.43;286.07
2022-09-20 16:14:18;30.8;35.4;34.33;105.23;36.41;285.19
2022-09-20 16:14:19;30.8;35.4;34.39;105.31;36.35;285.03
2022-09-20 16:14:21;30.8;35.4;34.37;103.85;36.37;282.45
2022-09-20 16:14:22;30.8;35.4;34.37;103.85;36.29;282.79
2022-09-20 16:14:23;30.9;35.5;34.35;103.49;36.31;281.59
2022-09-20 16:14:24;30.9;35.5;34.37;103.93;36.27;282.09
2022-09-20 16:14:26;30.9;35.5;34.37;103.09;36.23;281.89
2022-09-20 16:14:27;30.9;35.5;34.39;102.29;36.27;281.77
2022-09-20 16:14:28;30.8;35.4;34.37;102.23;36.01;282.01
2022-09-20 16:14:29;30.8;35.4;34.35;102.53;36.27;281.49
2022-09-20 16:14:30;30.8;35.4;34.39;101.33;36.25;280.91
2022-09-20 16:14:32;30.8;35.4;34.41;101.19;36.23;283.15
2022-09-20 16:14:33;30.8;35.5;34.39;102.57;36.21;283.53
2022-09-20 16:14:34;30.8;35.5;34.39;102.73;36.19;281.95
2022-09-20 16:14:35;30.8;35.5;34.39;104.59;36.17;284.21
2022-09-20 16:14:36;30.8;35.5;34.37;105.65;1034.67;284.49
2022-09-20 16:14:38;30.8;35.5;34.39;106.37;36.17;284.01
2022-09-20 16:14:39;30.8;35.5;34.39;105.89;36.19;285.07
2022-09-20 16:14:40;30.8;35.5;34.39;106.23;36.21;283.03
2022-09-20 16:14:41;30.8;35.5;34.39;105.25;36.19;282.81
2022-09-20 16:14:43;30.8;35.5;34.37;105.77;36.19;281.89
2022-09-20 16:14:44;30.8;35.5;34.39;104.61;36.23;279.73
2022-09-20 16:14:45;30.8;35.5;34.41;104.77;36.19;278.73
2022-09-20 16:14:46;30.8;35.5;34.39;104.31;36.23;278.87
2022-09-20 16:14:48;30.8;35.5;34.37;103.13;36.23;276.39
2022-09-20 16:14:49;30.8;35.5;34.39;103.29;36.19;275.99
2022-09-20 16:14:50;30.8;35.5;34.39;102.27;36.23;273.45
2022-09-20 16:14:51;30.8;35.5;34.39;102.55;36.21;271.33
2022-09-20 16:14:53;30.9;35.5;34.37;102.87;36.19;269.59
2022-09-20 16:14:54;30.9;35.5;34.41;101.67;36.17;268.63
2022-09-20 16:14:55;30.8;35.5;34.37;102.23;36.13;266.53
2022-09-20 16:14:56;30.8;35.5;34.35;101.21;36.13;264.09
2022-09-20 16:14:58;30.8;35.5;34.35;100.95;36.07;263.05
2022-09-20 16:14:59;30.8;35.5;34.35;102.49;36.09;262.03
2022-09-20 16:15:00;30.8;35.5;34.33;103.59;36.05;259.95
2022-09-20 16:15:01;30.8;35.5;34.29;104.31;35.99;261.11
2022-09-20 16:15:03;30.8;35.5;34.35;106.01;35.95;259.79
2022-09-20 16:15:04;30.8;35.5;34.33;106.63;35.93;260.39
2022-09-20 16:15:05;30.9;35.5;34.37;105.79;35.93;260.15
2022-09-20 16:15:06;30.9;35.5;34.33;105.97;35.91;261.59
2022-09-20 16:15:07;30.8;35.5;34.35;104.61;35.99;262.15
2022-09-20 16:15:09;30.8;35.5;34.35;105.05;35.99;262.17
2022-09-20 16:15:10;30.9;35.5;34.35;103.67;35.99;261.27
2022-09-20 16:15:11;30.9;35.5;34.33;103.79;35.99;263.93
2022-09-20 16:15:12;30.9;35.5;34.33;103.95;36.03;264.71
2022-09-20 16:15:13;30.9;35.5;34.33;102.59;36.07;265.21
2022-09-20 16:15:15;30.9;35.5;34.29;102.87;36.15;267.47
2022-09-20 16:15:16;30.9;35.5;34.29;101.89;36.09;267.73
2022-09-20 16:15:18;30.9;35.4;34.33;101.79;36.09;271.03
2022-09-20 16:15:19;30.9;35.4;34.33;102.47;36.15;270.85
2022-09-20 16:15:20;30.9;35.4;34.29;104.75;36.17;273.35
2022-09-20 16:15:21;30.9;35.4;34.27;105.35;36.17;276.07
2022-09-20 16:15:22;30.9;35.4;34.27;106.95;36.17;275.13
2022-09-20 16:15:23;30.9;35.4;34.27;106.83;36.15;277.53
2022-09-20 16:15:25;30.9;35.4;34.27;107.61;36.09;276.73
2022-09-20 16:15:26;30.9;35.4;34.25;107.03;36.07;279.45
2022-09-20 16:15:28;30.9;35.4;34.27;105.67;38.81;282.91
2022-09-20 16:15:29;30.9;35.4;34.27;105.97;36.03;283.13
2022-09-20 16:15:30;30.9;35.4;34.25;105.59;37.37;286.85
2022-09-20 16:15:31;30.9;35.4;34.27;105.67;35.97;286.35
2022-09-20 16:15:32;30.9;35.4;34.27;103.91;35.91;289.87
2022-09-20 16:15:34;30.9;35.4;34.23;104.29;35.91;290.79
2022-09-20 16:15:35;30.9;35.4;34.23;104.25;35.85;292.17
2022-09-20 16:15:36;30.9;35.4;34.25;102.97;35.81;292.07
2022-09-20 16:15:37;30.9;35.4;34.25;103.27;36.07;293.55
2022-09-20 16:15:38;30.9;35.4;34.19;103.39;35.81;294.21
2022-09-20 16:15:40;30.9;35.4;34.23;101.85;35.77;294.31
2022-09-20 16:15:41;30.9;35.4;34.19;102.05;35.79;295.83
2022-09-20 16:15:42;30.9;35.4;34.17;101.85;34.71;295.03
2022-09-20 16:15:43;30.9;35.4;34.19;102.05;35.71;295.35
2022-09-20 16:15:45;30.9;35.4;34.19;102.43;35.67;296.39
2022-09-20 16:15:46;30.9;35.4;34.19;104.69;35.65;296.55
2022-09-20 16:15:47;30.9;35.4;34.17;106.57;35.65;296.67
2022-09-20 16:15:48;30.9;35.4;34.17;107.23;35.61;296.79
2022-09-20 16:15:50;30.9;35.4;34.17;106.25;35.67;297.71
2022-09-20 16:15:51;30.9;35.4;34.19;107.23;35.73;297.79
2022-09-20 16:15:52;30.9;35.3;34.17;105.33;35.75;297.49
2022-09-20 16:15:53;30.9;35.3;34.17;104.83;35.83;297.69
2022-09-20 16:15:55;30.9;35.3;34.19;104.77;35.83;297.61
2022-09-20 16:15:56;30.9;35.3;34.19;105.37;35.85;295.69
2022-09-20 16:15:57;30.9;35.3;34.23;105.27;35.85;294.73
2022-09-20 16:15:58;30.9;35.3;34.19;103.79;35.91;295.59
2022-09-20 16:16:00;30.9;35.1;34.23;103.05;35.93;295.67
2022-09-20 16:16:01;30.9;35.1;34.19;103.93;35.97;292.71
2022-09-20 16:16:02;30.9;35.0;34.23;102.63;35.99;290.71
2022-09-20 16:16:03;30.9;35.0;34.21;102.99;35.97;290.65
2022-09-20 16:16:05;30.9;35.1;34.21;102.35;34.65;287.85
2022-09-20 16:16:06;30.9;35.1;34.25;101.73;35.95;286.83
2022-09-20 16:16:07;30.9;35.1;34.21;101.97;35.93;285.53
2022-09-20 16:16:08;30.9;35.1;34.23;101.01;34.65;284.13
2022-09-20 16:16:09;30.9;35.1;34.21;102.05;35.85;283.57
2022-09-20 16:16:11;30.9;35.1;34.21;102.93;35.85;282.85
2022-09-20 16:16:12;30.9;35.1;34.23;104.95;35.83;276.47
2022-09-20 16:16:13;30.9;35.1;34.21;106.45;35.83;278.69
2022-09-20 16:16:14;30.9;35.1;34.21;105.99;35.81;275.87
2022-09-20 16:16:15;30.9;35.1;34.21;105.77;35.83;275.11
2022-09-20 16:16:17;30.9;35.2;34.21;106.41;35.83;273.39
2022-09-20 16:16:18;30.9;35.2;34.19;104.83;35.87;271.17
2022-09-20 16:16:19;30.9;35.2;34.21;104.91;35.83;271.61
2022-09-20 16:16:20;30.9;35.2;34.25;104.55;35.87;271.07
2022-09-20 16:16:22;30.9;35.2;34.23;104.63;35.83;270.21
2022-09-20 16:16:23;30.9;35.2;34.19;103.51;35.87;270.35
2022-09-20 16:16:24;30.9;35.2;34.23;103.61;35.87;270.47
2022-09-20 16:16:25;30.9;35.2;34.21;102.53;35.87;270.87
2022-09-20 16:16:27;30.9;35.3;34.23;102.79;35.85;270.07
2022-09-20 16:16:28;30.9;35.3;34.21;102.17;35.85;271.11
2022-09-20 16:16:29;30.9;35.2;34.19;103.25;35.83;273.61
2022-09-20 16:16:30;30.9;35.2;34.21;103.31;35.87;273.61
2022-09-20 16:16:32;31.0;35.2;34.21;104.29;35.95;275.59
2022-09-20 16:16:33;31.0;35.2;34.21;106.67;35.97;276.03
2022-09-20 16:16:34;31.0;35.2;34.17;107.93;35.99;276.83
2022-09-20 16:16:35;31.0;35.2;34.19;107.67;35.99;277.97
2022-09-20 16:16:37;30.9;35.1;34.17;106.41;35.99;280.39
2022-09-20 16:16:38;30.9;35.1;34.19;106.77;36.03;279.07
2022-09-20 16:16:39;30.9;35.1;34.19;106.85;35.99;280.73
2022-09-20 16:16:40;30.9;35.1;34.19;105.35;36.01;280.79
2022-09-20 16:16:42;30.9;35.1;34.19;105.43;35.99;281.69
2022-09-20 16:16:43;30.9;35.1;34.15;105.45;35.97;281.17
2022-09-20 16:16:44;30.9;35.1;34.17;104.09;35.97;281.09
2022-09-20 16:16:45;30.9;35.1;34.17;104.27;35.97;281.03
2022-09-20 16:16:47;30.9;35.1;34.17;103.33;35.95;280.37
2022-09-20 16:16:48;30.9;35.1;34.15;103.97;35.91;279.47
2022-09-20 16:16:49;30.9;35.1;34.15;103.67;35.95;278.51
2022-09-20 16:16:50;30.9;35.1;34.17;102.77;35.97;1035.63
2022-09-20 16:16:51;30.9;35.2;34.17;101.85;35.95;277.91
2022-09-20 16:16:52;30.9;35.2;34.17;102.63;35.95;276.35
2022-09-20 16:16:54;30.9;35.2;34.21;101.23;35.95;274.61
2022-09-20 16:16:55;30.9;35.2;34.21;102.87;35.97;273.43
2022-09-20 16:16:57;30.9;35.1;34.19;103.81;35.99;271.81
2022-09-20 16:16:58;30.9;35.1;34.17;104.27;36.03;272.41
2022-09-20 16:16:59;30.9;35.1;34.19;107.03;36.05;270.79
2022-09-20 16:17:00;30.9;35.1;34.17;106.91;36.05;270.49
2022-09-20 16:17:02;30.9;35.2;34.19;107.03;36.07;271.59
2022-09-20 16:17:03;30.9;35.2;34.19;106.25;36.09;271.73
2022-09-20 16:17:04;30.9;35.2;34.19;106.11;36.09;271.59
2022-09-20 16:17:05;30.9;35.2;34.17;106.15;36.13;271.77
2022-09-20 16:17:07;30.9;35.2;34.19;104.43;36.13;272.53
2022-09-20 16:17:08;30.9;35.2;34.17;104.49;36.15;273.99
2022-09-20 16:17:09;30.9;35.2;34.17;104.85;36.15;275.23
2022-09-20 16:17:10;30.9;35.2;34.19;103.59;36.17;274.95
2022-09-20 16:17:11;30.9;35.2;34.17;103.47;36.15;276.43
2022-09-20 16:17:13;30.9;35.2;34.15;103.01;36.17;278.63
2022-09-20 16:17:14;30.9;35.2;34.17;103.37;36.21;278.87
2022-09-20 16:17:15;30.9;35.2;34.15;102.53;36.19;280.51
2022-09-20 16:17:16;30.9;35.2;34.17;102.15;36.23;281.61
2022-09-20 16:17:17;30.9;35.2;34.17;101.87;36.27;283.45
2022-09-20 16:17:19;30.9;35.2;34.19;101.87;36.27;284.41
2022-09-20 16:17:20;30.9;35.2;34.19;101.35;36.31;285.73
2022-09-20 16:17:21;30.9;35.2;34.19;103.57;36.29;286.71
2022-09-20 16:17:22;30.9;35.2;34.17;104.39;36.27;287.43
2022-09-20 16:17:24;30.9;35.2;34.15;105.05;36.25;288.13
2022-09-20 16:17:25;30.9;35.2;34.17;107.13;1034.99;288.17
2022-09-20 16:17:26;31.0;35.2;34.17;105.89;37.29;287.11
2022-09-20 16:17:27;31.0;35.2;34.17;106.87;36.31;287.37
2022-09-20 16:17:29;30.9;35.2;34.17;106.39;36.31;287.19
2022-09-20 16:17:30;30.9;35.2;34.17;105.21;36.31;286.81
2022-09-20 16:17:31;30.9;35.2;34.15;105.43;36.31;285.59
2022-09-20 16:17:32;30.9;35.2;34.19;103.91;36.31;284.33
2022-09-20 16:17:34;30.9;35.3;34.21;104.31;36.31;283.41
2022-09-20 16:17:35;30.9;35.3;34.17;104.33;36.31;282.41
2022-09-20 16:17:36;30.9;35.3;34.17;102.67;36.31;280.25
2022-09-20 16:17:37;30.9;35.3;34.15;103.11;36.27;280.77
2022-09-20 16:17:39;30.9;35.3;34.15;102.23;36.31;277.97
2022-09-20 16:17:40;30.9;35.3;34.17;103.05;36.27;278.73
2022-09-20 16:17:41;30.9;35.3;34.13;103.01;36.25;276.89
2022-09-20 16:17:42;30.9;35.3;34.15;103.51;36.23;280.17
2022-09-20 16:17:44;30.9;35.3;34.11;106.53;36.23;278.59
2022-09-20 16:17:45;30.9;35.3;34.15;106.47;36.21;278.07
2022-09-20 16:17:46;30.9;35.3;34.13;107.47;36.17;278.69
2022-09-20 16:17:47;30.9;35.3;34.15;107.91;36.15;278.87
2022-09-20 16:17:48;30.9;35.3;34.15;106.15;36.09;276.73
2022-09-20 16:17:50;30.9;35.3;34.13;106.51;36.09;278.55
2022-09-20 16:17:51;30.9;35.3;34.13;106.67;36.05;278.03
2022-09-20 16:17:52;30.9;35.3;34.11;105.73;36.09;278.51
2022-09-20 16:17:53;30.9;35.3;34.11;105.67;36.01;277.83
2022-09-20 16:17:54;30.9;35.3;34.11;104.79;35.99;275.77
2022-09-20 16:17:56;30.9;35.3;34.11;105.29;35.95;274.57
2022-09-20 16:17:57;30.9;35.3;34.07;104.41;35.93;273.75
2022-09-20 16:17:58;30.9;35.3;34.13;103.27;35.93;273.45
2022-09-20 16:17:59;30.9;35.3;34.11;104.19;35.93;272.49
2022-09-20 16:18:01;30.9;35.3;34.07;103.17;35.91;271.21
2022-09-20 16:18:02;30.9;35.3;34.13;102.73;35.87;271.73
2022-09-20 16:18:03;30.9;35.3;34.07;102.57;35.83;270.87
2022-09-20 16:18:05;30.9;35.3;34.07;101.87;35.85;271.73
2022-09-20 16:18:06;30.9;35.3;34.07;102.47;35.85;271.11
2022-09-20 16:18:07;30.9;35.3;34.05;103.17;35.83;270.67
2022-09-20 16:18:09;30.9;35.3;34.05;104.65;35.83;272.01
2022-09-20 16:18:10;30.9;35.3;34.07;106.97;35.83;272.87
2022-09-20 16:18:11;30.9;35.3;34.03;106.91;35.81;273.01
2022-09-20 16:18:12;30.9;35.3;34.05;107.11;35.81;271.33
2022-09-20 16:18:13;30.9;35.3;34.05;107.51;35.81;274.27
2022-09-20 16:18:15;30.9;35.3;34.07;106.05;35.85;273.91
2022-09-20 16:18:16;30.9;35.3;34.03;105.93;35.83;274.43
2022-09-20 16:18:17;30.9;35.3;34.05;105.99;35.79;273.89
2022-09-20 16:18:18;30.9;35.3;34.05;105.31;38.37;271.31
2022-09-20 16:18:19;30.9;35.3;34.03;103.97;35.79;273.37
2022-09-20 16:18:21;30.8;35.4;34.05;103.57;37.85;273.27
2022-09-20 16:18:22;30.8;35.4;34.11;103.51;35.75;271.31
2022-09-20 16:18:23;30.8;35.4;34.07;104.01;35.73;269.99
2022-09-20 16:18:24;30.8;35.4;34.05;103.03;35.73;269.97
2022-09-20 16:18:26;30.9;35.3;34.05;103.55;35.81;268.43
2022-09-20 16:18:27;30.9;35.3;34.11;102.53;35.75;267.83
2022-09-20 16:18:28;30.8;35.4;34.11;101.99;35.79;267.41
2022-09-20 16:18:29;30.8;35.4;34.07;102.43;35.77;266.93
2022-09-20 16:18:31;30.9;35.4;34.05;101.85;35.79;268.27
2022-09-20 16:18:32;30.9;35.4;34.03;102.47;35.79;268.43
2022-09-20 16:18:33;30.9;35.4;34.03;104.27;35.81;268.11
2022-09-20 16:18:34;30.9;35.4;34.01;104.81;35.81;268.59
2022-09-20 16:18:36;30.9;35.4;34.03;107.01;35.77;270.01
2022-09-20 16:18:37;30.9;35.4;34.03;107.55;35.77;270.05
2022-09-20 16:18:38;30.8;35.3;34.03;105.85;35.77;271.69
2022-09-20 16:18:39;30.8;35.3;34.03;106.91;35.77;272.45
2022-09-20 16:18:41;30.8;35.4;34.05;105.77;35.77;273.15
2022-09-20 16:18:42;30.8;35.4;34.03;104.69;35.77;274.03
2022-09-20 16:18:43;30.8;35.4;34.03;105.31;35.75;275.51
2022-09-20 16:18:44;30.8;35.4;34.05;104.83;35.75;277.85
2022-09-20 16:18:46;30.8;35.3;34.03;104.33;35.79;277.61
2022-09-20 16:18:47;30.8;35.3;34.05;103.45;35.77;279.55
2022-09-20 16:18:48;30.9;35.3;34.03;103.15;35.81;281.57
2022-09-20 16:18:49;30.9;35.3;34.07;103.97;35.79;279.33
2022-09-20 16:18:50;30.8;35.3;34.03;102.33;35.81;280.79
2022-09-20 16:18:52;30.8;35.3;34.05;102.57;35.79;281.19
2022-09-20 16:18:53;30.9;35.3;34.03;102.81;35.83;280.79
2022-09-20 16:18:54;30.9;35.3;34.07;101.55;35.85;280.81
2022-09-20 16:18:55;30.8;35.3;34.05;100.69;35.87;281.21
2022-09-20 16:18:56;30.8;35.3;34.03;102.15;35.87;280.67
2022-09-20 16:18:58;30.8;35.3;34.05;102.87;35.91;279.37
2022-09-20 16:18:59;30.8;35.3;34.05;104.85;35.93;279.39
2022-09-20 16:19:00;30.8;35.3;34.05;105.67;35.95;278.85
2022-09-20 16:19:01;30.8;35.3;34.07;107.05;35.95;276.89
2022-09-20 16:19:03;30.8;35.3;34.05;107.19;35.95;275.85
2022-09-20 16:19:04;30.8;35.3;34.03;105.61;35.99;274.09
2022-09-20 16:19:05;30.8;35.3;34.05;105.77;35.99;273.71
2022-09-20 16:19:06;30.8;35.3;34.05;106.07;35.99;273.41
2022-09-20 16:19:08;30.8;35.3;34.05;104.17;35.99;272.17
2022-09-20 16:19:09;30.8;35.3;34.07;104.35;35.97;272.09
2022-09-20 16:19:10;30.9;35.4;34.05;104.33;36.01;272.25
2022-09-20 16:19:11;30.9;35.4;34.03;103.17;36.07;272.15
2022-09-20 16:19:13;30.8;35.3;34.07;102.69;36.09;273.21
2022-09-20 16:19:14;30.8;35.3;34.07;102.59;36.09;272.97
2022-09-20 16:19:15;30.8;35.4;34.07;102.49;36.13;272.99
2022-09-20 16:19:16;30.8;35.4;34.03;102.99;36.19;274.13
2022-09-20 16:19:18;30.8;35.4;34.07;103.13;36.17;274.17
2022-09-20 16:19:19;30.8;35.4;34.05;104.47;1037.55;275.95
2022-09-20 16:19:20;30.8;35.4;34.05;106.43;36.21;276.99
2022-09-20 16:19:21;30.8;35.4;34.05;106.37;36.21;276.25
2022-09-20 16:19:23;30.9;35.4;34.03;107.69;36.23;277.47
2022-09-20 16:19:24;30.9;35.4;34.03;107.59;36.23;277.35
2022-09-20 16:19:25;30.8;35.4;34.03;106.11;36.23;278.29
2022-09-20 16:19:26;30.8;35.4;34.05;107.35;36.23;278.45
2022-09-20 16:19:27;30.8;35.4;34.01;106.39;36.25;279.91
2022-09-20 16:19:29;30.8;35.4;34.05;105.93;36.21;280.95
2022-09-20 16:19:30;30.8;35.4;34.03;106.11;36.25;281.69
2022-09-20 16:19:31;30.8;35.4;34.03;104.85;36.27;282.13
2022-09-20 16:19:32;30.9;35.4;34.03;103.91;36.21;281.97
2022-09-20 16:19:33;30.9;35.4;34.05;104.43;36.23;283.79
2022-09-20 16:19:35;30.9;35.4;34.05;103.25;36.23;284.23
2022-09-20 16:19:36;30.9;35.4;34.05;102.93;36.27;285.59
2022-09-20 16:19:38;30.9;35.4;34.07;103.45;36.29;285.77
2022-09-20 16:19:39;30.9;35.4;34.07;103.39;36.27;286.61
2022-09-20 16:19:40;30.8;35.3;34.05;102.97;36.29;286.61
2022-09-20 16:19:41;30.8;35.3;34.07;101.97;36.25;287.65
2022-09-20 16:19:42;30.8;35.3;34.05;102.59;36.77;287.79
2022-09-20 16:19:43;30.8;35.3;34.03;104.21;36.23;288.73
2022-09-20 16:19:45;30.8;35.3;34.03;104.41;36.23;289.03
2022-09-20 16:19:46;30.8;35.3;34.07;106.13;36.19;290.77
2022-09-20 16:19:48;30.8;35.3;34.03;107.87;36.23;291.55
2022-09-20 16:19:49;30.8;35.3;34.01;106.45;36.25;290.97
2022-09-20 16:19:50;30.9;35.4;34.03;106.53;36.23;291.33
2022-09-20 16:19:51;30.9;35.4;34.03;107.25;36.25;290.57
2022-09-20 16:19:52;30.8;35.3;33.99;105.83;34.57;291.13
2022-09-20 16:19:54;30.8;35.3;33.99;106.03;36.27;289.05
2022-09-20 16:19:55;30.8;35.3;33.99;105.13;36.27;289.45
2022-09-20 16:19:56;30.8;35.3;34.01;105.25;36.27;288.67
2022-09-20 16:19:57;30.8;35.3;34.01;105.23;36.31;287.55
2022-09-20 16:19:58;30.8;35.3;34.01;103.79;36.27;285.59
2022-09-20 16:20:00;30.8;35.3;34.01;103.91;36.25;285.09
2022-09-20 16:20:01;30.8;35.3;34.01;104.23;36.25;284.37
2022-09-20 16:20:02;30.8;35.3;34.03;102.57;38.61;282.95
2022-09-20 16:20:03;30.8;35.3;34.03;102.33;36.29;283.67
2022-09-20 16:20:05;30.8;35.3;34.05;103.11;36.35;283.27
2022-09-20 16:20:06;30.8;35.3;34.03;101.99;36.31;283.65
2022-09-20 16:20:07;30.8;35.3;34.03;102.41;36.27;283.47
2022-09-20 16:20:08;30.8;35.3;34.03;102.19;36.25;284.15
2022-09-20 16:20:10;30.9;35.4;33.99;104.25;36.23;284.41
2022-09-20 16:20:11;30.9;35.4;34.03;105.87;36.25;285.17
2022-09-20 16:20:12;30.8;35.3;34.01;106.19;36.29;286.11
2022-09-20 16:20:13;30.8;35.3;33.99;106.63;36.27;287.37
2022-09-20 16:20:15;30.9;35.3;33.99;107.45;36.31;287.87
2022-09-20 16:20:16;30.9;35.3;33.99;106.29;36.29;287.77
2022-09-20 16:20:17;30.9;35.3;34.01;105.27;36.31;289.73
2022-09-20 16:20:18;30.9;35.3;33.97;106.21;36.31;290.29
2022-09-20 16:20:20;30.8;35.2;33.95;104.67;36.31;291.27
2022-09-20 16:20:21;30.8;35.2;33.97;104.53;36.35;292.55
2022-09-20 16:20:22;30.8;35.3;33.97;103.93;36.35;293.19
2022-09-20 16:20:23;30.8;35.3;33.93;104.69;36.37;291.61
2022-09-20 16:20:25;30.8;35.1;33.93;104.57;36.37;292.69
2022-09-20 16:20:26;30.8;35.1;33.95;102.99;36.35;292.17
2022-09-20 16:20:27;30.8;35.1;33.95;103.03;36.31;292.53
2022-09-20 16:20:28;30.8;35.1;33.95;103.63;1034.83;292.91
2022-09-20 16:20:29;30.8;35.1;33.95;102.51;36.39;290.75
2022-09-20 16:20:31;30.8;35.1;33.95;101.61;36.31;292.87
2022-09-20 16:20:32;30.8;35.1;33.93;102.59;36.35;291.25
2022-09-20 16:20:33;30.8;35.1;33.95;101.33;36.31;291.87
2022-09-20 16:20:34;30.8;35.0;33.93;103.33;36.31;290.55
2022-09-20 16:20:35;30.8;35.0;33.95;104.45;36.29;290.93
2022-09-20 16:20:37;30.8;35.1;33.97;106.39;36.29;288.53
2022-09-20 16:20:38;30.8;35.1;33.97;107.95;36.27;286.89
2022-09-20 16:20:39;30.8;35.0;33.95;106.51;36.27;285.71
2022-09-20 16:20:40;30.8;35.0;33.97;105.83;1034.99;284.33
2022-09-20 16:20:42;30.8;35.0;33.95;106.67;36.27;282.03
2022-09-20 16:20:43;30.8;35.0;33.99;105.71;36.27;279.75
2022-09-20 16:20:44;30.8;34.9;33.97;104.29;36.23;279.47
2022-09-20 16:20:45;30.8;34.9;33.95;104.97;36.21;277.09
2022-09-20 16:20:47;30.8;34.9;33.97;103.69;36.21;276.83
2022-09-20 16:20:48;30.8;34.9;33.95;103.35;36.21;274.51
2022-09-20 16:20:49;30.8;35.0;33.93;103.23;36.17;271.69
2022-09-20 16:20:50;30.8;35.0;33.95;103.83;36.15;272.61
2022-09-20 16:20:52;30.8;35.0;33.93;104.13;36.13;272.53
2022-09-20 16:20:53;30.8;35.0;33.89;103.13;36.07;272.09
2022-09-20 16:20:54;30.8;35.0;33.93;102.95;36.03;272.35
2022-09-20 16:20:55;30.8;35.0;33.91;105.11;36.01;271.83
2022-09-20 16:20:57;30.8;35.1;33.89;106.81;35.97;271.45
2022-09-20 16:20:58;30.8;35.1;33.89;106.57;35.93;272.43
2022-09-20 16:20:59;30.8;35.0;33.89;107.95;35.91;273.47
2022-09-20 16:21:00;30.8;35.0;33.89;108.11;35.93;274.21
2022-09-20 16:21:02;30.8;35.1;33.89;107.55;38.69;275.71
2022-09-20 16:21:03;30.8;35.1;33.85;107.39;35.97;276.61
2022-09-20 16:21:04;30.8;35.1;33.85;106.87;36.03;277.21
2022-09-20 16:21:05;30.8;35.1;33.89;105.55;36.05;278.77
2022-09-20 16:21:06;30.8;35.2;33.93;105.99;36.01;279.97
2022-09-20 16:21:08;30.8;35.2;33.89;104.75;36.05;280.85
2022-09-20 16:21:09;30.8;35.1;33.89;105.05;36.07;282.63
2022-09-20 16:21:10;30.8;35.1;33.91;105.43;36.01;284.21
2022-09-20 16:21:11;30.8;35.1;33.91;103.43;36.07;285.11
2022-09-20 16:21:12;30.8;35.1;33.85;103.91;36.07;287.29
2022-09-20 16:21:14;30.8;35.1;33.85;103.73;36.07;287.15
2022-09-20 16:21:15;30.8;35.1;33.91;102.99;36.13;288.77
2022-09-20 16:21:16;30.8;35.0;33.89;103.37;36.19;289.13
2022-09-20 16:21:18;30.8;35.0;33.89;102.17;36.17;291.83
2022-09-20 16:21:19;30.8;35.1;33.83;101.81;36.15;289.51
2022-09-20 16:21:20;30.8;35.1;33.85;104.81;36.13;289.53
2022-09-20 16:21:21;30.8;35.1;33.85;104.85;36.09;289.97
2022-09-20 16:21:22;30.8;35.1;33.85;106.65;36.03;289.87
2022-09-20 16:21:24;30.8;35.1;33.83;108.83;36.01;290.07
2022-09-20 16:21:25;30.8;35.1;33.83;106.83;36.01;289.37
2022-09-20 16:21:27;30.8;35.1;33.89;107.31;36.01;288.65
2022-09-20 16:21:28;30.8;35.1;33.85;107.33;36.03;288.09
2022-09-20 16:21:29;30.7;35.1;33.85;106.05;36.05;287.63
2022-09-20 16:21:30;30.7;35.1;33.85;106.23;36.07;287.29
2022-09-20 16:21:31;30.7;35.1;33.85;104.73;36.15;286.61
2022-09-20 16:21:33;30.7;35.1;33.83;104.57;36.21;283.95
2022-09-20 16:21:34;30.8;35.1;33.83;105.41;36.17;282.51
2022-09-20 16:21:35;30.8;35.1;33.85;103.87;36.19;280.39
2022-09-20 16:21:36;30.8;35.1;33.85;104.07;36.17;276.81
2022-09-20 16:21:37;30.8;35.1;33.85;104.49;36.15;278.23
2022-09-20 16:21:39;30.8;35.1;33.83;102.91;36.21;275.33
2022-09-20 16:21:40;30.8;35.1;33.83;102.83;36.25;273.95
2022-09-20 16:21:41;30.8;35.2;33.81;103.47;38.43;271.89
2022-09-20 16:21:42;30.8;35.2;33.83;102.47;36.27;270.53
2022-09-20 16:21:44;30.7;35.2;33.81;103.29;36.27;268.61
2022-09-20 16:21:45;30.7;35.2;33.83;103.21;36.25;268.11
2022-09-20 16:21:46;30.7;35.2;33.83;104.53;36.29;265.71
2022-09-20 16:21:47;30.7;35.2;33.83;106.47;36.23;264.41
2022-09-20 16:21:49;30.8;35.2;33.83;106.23;36.21;263.53
2022-09-20 16:21:50;30.8;35.2;33.83;107.09;36.17;263.69
2022-09-20 16:21:51;30.8;35.2;33.85;107.85;36.21;262.61
2022-09-20 16:21:52;30.8;35.2;33.83;105.65;36.21;261.81
2022-09-20 16:21:54;30.8;35.2;33.83;106.03;36.21;262.53
2022-09-20 16:21:55;30.8;35.2;33.81;106.73;36.17;261.45
2022-09-20 16:21:56;30.7;35.2;33.83;104.69;36.17;262.95
2022-09-20 16:21:57;30.7;35.2;33.81;105.97;36.15;264.01
2022-09-20 16:21:59;30.7;35.2;33.85;105.05;38.73;264.47
2022-09-20 16:22:00;30.7;35.2;33.83;103.85;36.07;265.71
2022-09-20 16:22:01;30.8;35.2;33.81;104.85;36.03;266.75
2022-09-20 16:22:02;30.8;35.2;33.85;103.11;36.01;267.25
2022-09-20 16:22:04;30.8;35.2;33.83;103.47;36.01;269.69
2022-09-20 16:22:05;30.8;35.2;33.85;103.73;35.97;270.21
2022-09-20 16:22:06;30.7;35.3;33.83;101.93;35.95;270.63
2022-09-20 16:22:07;30.7;35.3;33.83;101.65;35.91;272.23
2022-09-20 16:22:08;30.7;35.2;33.85;102.81;35.87;272.41
2022-09-20 16:22:10;30.7;35.2;33.83;102.91;35.85;273.45
2022-09-20 16:22:11;30.7;35.3;33.85;104.19;35.91;274.01
2022-09-20 16:22:12;30.7;35.3;33.83;103.99;35.93;274.35
2022-09-20 16:22:13;30.7;35.2;33.81;107.19;35.95;273.95
2022-09-20 16:22:14;30.7;35.2;33.85;107.67;35.93;274.29
2022-09-20 16:22:16;30.7;35.2;33.81;105.91;36.03;274.27
2022-09-20 16:22:17;30.7;35.2;33.81;106.99;36.05;273.55
2022-09-20 16:22:18;30.7;35.3;33.81;106.51;36.03;272.93
2022-09-20 16:22:19;30.7;35.3;33.81;104.61;36.07;272.19
2022-09-20 16:22:21;30.7;35.3;33.83;105.17;36.09;271.61
2022-09-20 16:22:22;30.7;35.3;33.83;104.77;36.07;270.79
2022-09-20 16:22:23;30.7;35.3;33.81;103.69;36.05;270.81
2022-09-20 16:22:24;30.7;35.3;33.81;103.79;51.41;269.65
2022-09-20 16:22:26;30.7;35.3;33.83;104.07;36.07;268.81
2022-09-20 16:22:27;30.7;35.3;33.81;102.85;36.05;267.55
2022-09-20 16:22:28;30.7;35.3;33.81;102.63;35.99;264.89
2022-09-20 16:22:29;30.7;35.3;33.79;102.23;35.99;264.49
2022-09-20 16:22:31;30.7;35.3;33.81;104.57;35.97;262.45
2022-09-20 16:22:32;30.7;35.3;33.81;105.67;35.95;261.89
2022-09-20 16:22:33;30.7;35.3;33.81;105.81;35.93;261.07
2022-09-20 16:22:34;30.7;35.3;33.79;108.09;35.93;260.65
2022-09-20 16:22:36;30.7;35.3;33.81;107.19;35.37;260.51
2022-09-20 16:22:37;30.7;35.3;33.81;108.77;35.83;260.83
2022-09-20 16:22:38;30.7;35.3;33.81;107.63;35.81;262.53
2022-09-20 16:22:39;30.7;35.3;33.81;106.31;35.85;262.75
2022-09-20 16:22:41;30.7;35.3;33.81;107.07;35.85;263.43
2022-09-20 16:22:42;30.7;35.3;33.81;105.53;35.85;262.53
2022-09-20 16:22:43;30.7;35.3;33.81;104.87;35.85;264.29
2022-09-20 16:22:44;30.7;35.3;33.85;105.71;35.85;264.87
2022-09-20 16:22:45;30.7;35.3;33.83;105.07;35.83;265.53
2022-09-20 16:22:47;30.7;35.3;33.83;103.85;35.85;268.17
2022-09-20 16:22:48;30.7;35.3;33.83;104.77;35.87;269.93
2022-09-20 16:22:49;30.7;35.3;33.83;103.07;35.95;270.71
2022-09-20 16:22:50;30.7;35.3;33.85;103.87;35.19;271.45
2022-09-20 16:22:51;30.7;35.3;33.83;103.69;35.91;273.23
2022-09-20 16:22:53;30.7;35.3;33.85;102.41;35.91;274.47
2022-09-20 16:22:54;30.7;35.3;33.85;103.45;35.95;275.79
2022-09-20 16:22:56;30.7;35.3;33.81;101.99;36.01;276.19
2022-09-20 16:22:57;30.7;35.3;33.85;102.85;36.03;277.49
2022-09-20 16:22:58;30.7;35.3;33.81;106.07;36.03;276.67
2022-09-20 16:22:59;30.7;35.3;33.83;106.57;36.07;277.01
2022-09-20 16:23:01;30.7;35.3;33.85;106.67;36.05;276.69
2022-09-20 16:23:02;30.7;35.3;33.83;108.07;36.07;277.91
2022-09-20 16:23:03;30.7;35.2;33.83;106.77;36.13;276.77
2022-09-20 16:23:04;30.7;35.2;33.83;107.19;36.15;276.09
2022-09-20 16:23:06;30.7;35.2;33.81;106.99;36.15;275.37
2022-09-20 16:23:07;30.7;35.2;33.85;105.67;36.15;274.77
2022-09-20 16:23:08;30.7;35.2;33.83;106.39;36.15;273.45
2022-09-20 16:23:09;30.7;35.2;33.85;104.73;36.13;271.79
2022-09-20 16:23:10;30.7;35.3;33.81;103.99;36.27;271.55
2022-09-20 16:23:12;30.7;35.3;33.85;105.29;36.09;270.05
2022-09-20 16:23:13;30.7;35.2;33.83;103.39;34.53;266.49
2022-09-20 16:23:14;30.7;35.2;33.85;103.35;36.09;270.07
2022-09-20 16:23:15;30.7;35.3;33.81;103.97;36.07;268.23
2022-09-20 16:23:16;30.7;35.3;33.83;102.99;36.05;267.85
2022-09-20 16:23:18;30.7;35.3;33.81;102.75;36.01;267.69
2022-09-20 16:23:19;30.7;35.3;33.81;103.23;35.99;267.79
2022-09-20 16:23:20;30.7;35.3;33.83;101.57;35.95;267.79
2022-09-20 16:23:21;30.7;35.3;33.83;103.85;35.97;267.73
2022-09-20 16:23:23;30.7;35.3;33.81;103.73;35.93;267.71
2022-09-20 16:23:24;30.7;35.3;33.83;105.01;35.91;268.97
2022-09-20 16:23:25;30.8;35.3;33.81;108.03;38.57;268.89
2022-09-20 16:23:26;30.8;35.3;33.77;107.81;35.87;269.03
2022-09-20 16:23:28;30.7;35.3;33.79;106.11;35.91;271.13
2022-09-20 16:23:29;30.7;35.3;33.77;107.15;35.91;271.19
2022-09-20 16:23:30;30.7;35.3;33.81;105.61;35.67;272.59
2022-09-20 16:23:31;30.7;35.3;33.79;106.05;35.87;273.39
2022-09-20 16:23:33;30.7;35.3;33.81;106.07;35.95;274.63
2022-09-20 16:23:34;30.7;35.3;33.77;104.59;1034.35;276.05
2022-09-20 16:23:35;30.7;35.3;33.79;105.81;35.97;277.09
2022-09-20 16:23:36;30.7;35.3;33.79;103.77;36.01;277.25
2022-09-20 16:23:38;30.8;35.3;33.77;104.97;36.01;277.73
2022-09-20 16:23:39;30.8;35.3;33.77;103.73;36.01;278.51
2022-09-20 16:23:40;30.8;35.3;33.77;103.87;36.05;278.75
2022-09-20 16:23:41;30.8;35.3;33.77;103.45;36.01;279.63
2022-09-20 16:23:43;30.8;35.3;33.77;104.97;38.99;279.33
2022-09-20 16:23:44;30.8;35.3;33.79;107.05;36.01;278.87
2022-09-20 16:23:45;30.8;35.3;33.83;106.75;36.01;276.65
2022-09-20 16:23:46;30.8;35.3;33.79;107.61;36.07;278.53
2022-09-20 16:23:47;30.8;35.3;33.81;107.05;36.09;279.77
2022-09-20 16:23:49;30.8;35.3;33.79;106.57;36.17;277.25
2022-09-20 16:23:50;30.8;35.2;33.79;107.67;36.15;275.25
2022-09-20 16:23:51;30.8;35.2;33.81;107.39;36.15;274.23
2022-09-20 16:23:52;30.8;35.2;33.83;107.05;36.15;271.85
2022-09-20 16:23:53;30.8;35.2;33.83;105.11;36.13;271.37
2022-09-20 16:23:55;30.8;35.2;33.81;106.13;36.07;268.39
2022-09-20 16:23:56;30.8;35.2;33.83;104.25;36.09;267.61
2022-09-20 16:23:57;30.8;35.2;33.81;103.85;36.05;266.61
2022-09-20 16:23:58;30.8;35.2;33.83;105.49;36.07;265.63
2022-09-20 16:24:00;30.8;35.3;33.83;105.03;36.03;264.89
2022-09-20 16:24:01;30.8;35.3;33.79;103.45;36.01;264.51
2022-09-20 16:24:02;30.8;35.3;33.83;103.29;35.95;264.07
2022-09-20 16:24:03;30.8;35.3;33.81;103.05;35.99;264.35
2022-09-20 16:24:05;30.8;35.3;33.81;102.07;35.97;266.35
2022-09-20 16:24:06;30.8;35.3;33.81;101.87;35.95;265.13
2022-09-20 16:24:07;30.8;35.3;33.79;104.15;35.81;265.51
2022-09-20 16:24:08;30.8;35.3;33.81;106.15;35.85;265.71
2022-09-20 16:24:10;30.8;35.2;33.79;105.23;35.85;266.65
2022-09-20 16:24:11;30.8;35.2;33.83;108.21;35.81;267.29
2022-09-20 16:24:12;30.8;35.2;33.81;107.41;35.85;267.59
2022-09-20 16:24:13;30.8;35.2;33.81;107.91;35.91;267.91
2022-09-20 16:24:15;30.8;35.2;33.77;106.27;35.87;271.39
2022-09-20 16:24:16;30.8;35.2;33.83;106.99;35.93;268.89
2022-09-20 16:24:17;30.8;35.2;33.79;107.23;38.49;268.73
2022-09-20 16:24:18;30.8;35.2;33.81;105.67;35.91;268.39
2022-09-20 16:24:20;30.8;35.2;33.81;105.07;35.93;267.67
2022-09-20 16:24:21;30.8;35.2;33.77;104.07;35.91;269.17
2022-09-20 16:24:22;30.8;35.2;33.79;103.65;35.91;266.31
2022-09-20 16:24:23;30.8;35.2;33.77;103.61;35.87;266.01
2022-09-20 16:24:25;30.8;35.3;33.79;104.57;35.83;264.37
2022-09-20 16:24:26;30.8;35.3;33.77;104.75;35.77;262.95
2022-09-20 16:24:27;30.8;35.2;33.79;102.57;35.83;262.41
2022-09-20 16:24:28;30.8;35.2;33.77;104.13;35.81;260.85
2022-09-20 16:24:29;30.8;35.2;33.73;101.73;35.79;260.45
2022-09-20 16:24:31;30.8;35.2;33.77;103.69;35.83;259.73
2022-09-20 16:24:32;30.8;35.2;33.75;103.43;34.45;260.39
2022-09-20 16:24:33;30.8;35.2;33.73;104.03;35.73;259.43
2022-09-20 16:24:35;30.8;35.2;33.73;106.63;35.67;259.73
2022-09-20 16:24:36;30.8;35.2;33.75;106.69;35.71;260.41
2022-09-20 16:24:37;30.8;35.2;33.73;107.23;35.13;261.65
2022-09-20 16:24:38;30.8;35.2;33.73;106.57;35.65;263.11
2022-09-20 16:24:40;30.8;35.2;33.73;106.01;35.65;263.45
2022-09-20 16:24:41;30.8;35.2;33.73;107.03;35.63;263.53
2022-09-20 16:24:42;30.8;35.2;33.77;106.93;35.61;264.25
2022-09-20 16:24:43;30.8;35.2;33.71;106.93;35.59;265.39
2022-09-20 16:24:45;30.8;35.2;33.71;105.15;35.63;266.83
2022-09-20 16:24:46;30.8;35.2;33.73;106.15;35.59;267.99
2022-09-20 16:24:47;30.8;35.2;33.73;103.79;35.61;269.25
2022-09-20 16:24:48;30.8;35.2;33.75;104.47;35.65;270.43
2022-09-20 16:24:49;30.8;35.2;33.75;102.77;35.71;271.23
2022-09-20 16:24:51;30.8;35.2;33.73;103.25;35.73;274.35
2022-09-20 16:24:52;30.8;35.2;33.69;103.33;35.71;273.53
2022-09-20 16:24:53;30.8;35.2;33.75;104.17;35.73;274.05
2022-09-20 16:24:54;30.8;35.2;33.69;103.39;35.71;275.07
2022-09-20 16:24:55;30.8;35.2;33.73;103.55;35.65;274.87
2022-09-20 16:24:57;30.8;35.2;33.73;102.19;35.71;275.63
2022-09-20 16:24:58;30.8;35.2;33.71;104.07;35.71;275.17
2022-09-20 16:24:59;30.8;35.2;33.71;103.39;35.73;274.25
2022-09-20 16:25:00;30.8;35.2;33.67;105.53;35.73;274.05
2022-09-20 16:25:02;30.8;35.2;33.71;106.25;35.71;273.51
2022-09-20 16:25:03;30.8;35.2;33.69;106.39;1037.55;273.95
2022-09-20 16:25:04;30.8;35.2;33.69;106.61;35.77;272.09
2022-09-20 16:25:05;30.8;35.2;33.71;107.99;35.77;271.73
2022-09-20 16:25:07;30.8;35.2;33.69;107.61;35.79;269.73
2022-09-20 16:25:08;30.8;35.2;33.69;105.97;35.77;268.23
2022-09-20 16:25:09;30.8;35.2;33.71;106.57;37.83;266.17
2022-09-20 16:25:10;30.8;35.2;33.71;105.41;35.79;266.27
2022-09-20 16:25:12;30.8;35.2;33.71;105.23;35.77;265.87
2022-09-20 16:25:13;30.8;35.2;33.67;104.37;35.77;266.49
2022-09-20 16:25:14;30.8;35.2;33.71;104.83;35.79;266.57
2022-09-20 16:25:15;30.8;35.2;33.71;102.75;35.79;265.45
2022-09-20 16:25:17;30.8;35.2;33.73;102.75;35.81;268.19
2022-09-20 16:25:18;30.8;35.2;33.71;103.81;35.81;266.99
2022-09-20 16:25:19;30.8;35.2;33.71;102.59;35.81;267.41
2022-09-20 16:25:20;30.8;35.2;33.71;102.45;35.81;268.79
2022-09-20 16:25:22;30.8;35.2;33.71;101.27;35.77;270.17
2022-09-20 16:25:23;30.8;35.2;33.75;101.77;35.79;272.61
2022-09-20 16:25:24;30.8;35.2;33.73;103.17;37.09;274.41
2022-09-20 16:25:25;30.8;35.2;33.75;104.63;35.73;274.69
2022-09-20 16:25:26;30.8;35.2;33.73;106.37;35.71;275.73
2022-09-20 16:25:28;30.8;35.2;33.71;107.43;35.73;278.59
2022-09-20 16:25:29;30.8;35.2;33.69;107.83;35.79;278.43
2022-09-20 16:25:30;30.8;35.2;33.71;107.57;35.85;279.77
2022-09-20 16:25:31;30.8;35.2;33.73;107.41;35.85;279.33
2022-09-20 16:25:32;30.8;35.2;33.71;104.99;35.87;279.43
2022-09-20 16:25:34;30.8;35.2;33.73;106.47;38.79;281.63
2022-09-20 16:25:35;30.8;35.2;33.73;104.01;35.93;280.51
2022-09-20 16:25:36;30.8;35.2;33.71;105.85;35.91;280.91
2022-09-20 16:25:37;30.8;35.2;33.71;103.93;35.99;282.45
2022-09-20 16:25:39;30.8;35.2;33.73;105.13;35.99;283.19
2022-09-20 16:25:40;30.8;35.2;33.69;102.93;36.05;284.61
2022-09-20 16:25:41;30.8;35.2;33.73;103.55;38.85;286.95
2022-09-20 16:25:42;30.8;35.2;33.73;103.69;36.09;285.49
2022-09-20 16:25:44;30.8;35.2;33.75;103.69;36.15;285.75
2022-09-20 16:25:45;30.8;35.2;33.73;105.95;36.13;287.37
2022-09-20 16:25:46;30.8;35.2;33.75;106.29;36.49;288.41
2022-09-20 16:25:47;30.8;35.2;33.77;106.91;36.13;289.71
2022-09-20 16:25:49;30.8;35.2;33.73;107.59;36.05;291.21
2022-09-20 16:25:50;30.8;35.2;33.73;107.61;36.03;292.99
2022-09-20 16:25:51;30.8;35.2;33.75;107.61;36.01;293.23
2022-09-20 16:25:52;30.8;35.2;33.75;107.75;36.05;294.23
2022-09-20 16:25:54;30.8;35.2;33.75;107.45;36.01;295.65
2022-09-20 16:25:55;30.8;35.2;33.73;107.09;36.01;296.03
2022-09-20 16:25:56;30.8;35.2;33.75;106.71;35.97;293.99
2022-09-20 16:25:57;30.8;35.2;33.75;104.81;36.01;293.93
2022-09-20 16:25:59;30.8;35.2;33.75;106.25;35.97;294.73
2022-09-20 16:26:00;30.8;35.2;33.73;104.13;35.95;294.45
2022-09-20 16:26:01;30.8;35.2;33.75;104.97;35.99;294.53
2022-09-20 16:26:02;30.8;35.2;33.75;103.75;35.95;296.27
2022-09-20 16:26:03;30.8;35.2;33.75;104.75;36.01;296.37
2022-09-20 16:26:05;30.8;35.2;33.75;103.15;36.05;295.55
2022-09-20 16:26:06;30.8;35.2;33.73;104.13;36.05;295.65
2022-09-20 16:26:07;30.8;35.2;33.73;102.75;36.13;296.65
2022-09-20 16:26:08;30.8;35.1;33.75;102.57;36.15;297.25
2022-09-20 16:26:09;30.8;35.1;33.75;105.17;36.17;297.89
2022-09-20 16:26:11;30.8;35.2;33.75;105.29;36.19;297.95
2022-09-20 16:26:12;30.8;35.2;33.75;106.37;36.19;297.89
2022-09-20 16:26:13;30.8;35.1;33.75;107.59;36.17;298.65
2022-09-20 16:26:14;30.8;35.1;33.79;108.41;36.17;298.39
2022-09-20 16:26:16;30.8;35.1;33.75;107.95;36.19;298.79
2022-09-20 16:26:17;30.8;35.1;33.73;107.91;36.17;297.99
2022-09-20 16:26:18;30.8;35.1;33.75;107.21;36.15;299.77
2022-09-20 16:26:19;30.8;35.1;33.75;107.31;36.15;297.15
2022-09-20 16:26:21;30.8;35.1;33.75;105.29;36.13;297.17
2022-09-20 16:26:22;30.8;35.1;33.77;105.31;36.13;297.25
2022-09-20 16:26:23;30.8;35.1;33.75;105.13;36.07;296.83
2022-09-20 16:26:24;30.8;35.1;33.79;104.05;36.09;297.47
2022-09-20 16:26:26;30.8;35.1;33.81;104.27;36.05;296.59
2022-09-20 16:26:27;30.8;35.1;33.75;104.57;36.07;297.39
2022-09-20 16:26:28;30.8;35.1;33.77;103.33;36.03;295.49
2022-09-20 16:26:29;30.8;35.1;33.77;103.67;35.99;295.99
2022-09-20 16:26:31;30.9;35.1;33.77;102.43;36.03;293.91
2022-09-20 16:26:32;30.9;35.1;33.81;101.99;36.01;295.57
2022-09-20 16:26:33;30.8;35.1;33.81;101.95;35.97;293.65
2022-09-20 16:26:34;30.8;35.1;33.79;104.03;35.97;292.37
2022-09-20 16:26:36;30.8;35.3;33.79;104.57;35.95;290.13
2022-09-20 16:26:37;30.8;35.3;33.79;105.41;35.91;289.75
2022-09-20 16:26:38;30.9;35.3;33.79;107.03;35.91;289.19
2022-09-20 16:26:39;30.9;35.3;33.79;107.61;35.91;288.73
2022-09-20 16:26:41;30.9;35.3;33.81;107.65;35.87;286.75
2022-09-20 16:26:42;30.9;35.3;33.79;107.61;35.87;283.93
2022-09-20 16:26:43;30.8;34.9;33.79;106.77;35.91;281.77
2022-09-20 16:26:44;30.8;34.9;33.77;106.77;35.95;280.67
2022-09-20 16:26:46;30.8;34.9;33.77;105.31;34.91;278.33
2022-09-20 16:26:47;30.8;34.9;33.79;105.95;36.01;276.15
2022-09-20 16:26:48;30.8;34.8;33.79;104.27;35.99;274.37
2022-09-20 16:26:49;30.8;34.8;33.79;105.39;35.97;271.91
2022-09-20 16:26:51;30.8;34.7;33.75;103.81;35.95;268.89
2022-09-20 16:26:52;30.8;34.7;33.73;103.91;35.93;268.07
2022-09-20 16:26:53;30.8;34.7;33.77;104.19;35.83;266.61
2022-09-20 16:26:54;30.8;34.7;33.73;102.87;35.81;266.11
2022-09-20 16:26:56;30.8;34.7;33.73;103.05;35.75;265.45
2022-09-20 16:26:57;30.8;34.7;33.75;103.63;35.75;266.01
2022-09-20 16:26:58;30.8;34.7;33.75;101.33;35.73;265.67
2022-09-20 16:26:59;30.8;34.7;33.75;102.69;35.67;267.23
2022-09-20 16:27:01;30.8;34.7;33.75;104.03;35.75;268.27
2022-09-20 16:27:02;30.8;34.7;33.73;104.41;35.79;269.13
2022-09-20 16:27:03;30.8;34.7;33.73;106.53;35.79;270.87
2022-09-20 16:27:04;30.8;34.7;33.73;108.25;35.81;271.53
2022-09-20 16:27:05;30.8;34.7;33.73;106.93;36.01;271.81
2022-09-20 16:27:07;30.8;34.7;33.71;107.73;35.85;272.91
2022-09-20 16:27:08;30.8;34.7;33.71;106.53;35.85;271.37
2022-09-20 16:27:09;30.8;34.7;33.69;105.17;35.83;272.53
2022-09-20 16:27:10;30.8;34.7;33.73;106.59;35.85;272.91
2022-09-20 16:27:11;30.8;34.7;33.71;104.23;35.93;272.29
2022-09-20 16:27:13;30.8;34.7;33.71;104.91;35.95;271.45
2022-09-20 16:27:14;30.8;34.7;33.69;105.41;35.97;272.13
2022-09-20 16:27:15;30.8;34.8;33.69;105.23;35.99;270.83
2022-09-20 16:27:16;30.8;34.8;33.71;104.03;35.99;270.09
2022-09-20 16:27:18;30.8;34.8;33.69;103.51;36.05;269.27
2022-09-20 16:27:19;30.8;34.8;33.71;102.33;1034.45;269.41
2022-09-20 16:27:20;30.8;34.9;33.71;102.31;36.09;268.47
2022-09-20 16:27:21;30.8;34.9;33.69;103.21;36.07;268.19
2022-09-20 16:27:23;30.8;35.0;33.69;101.73;36.13;267.11
2022-09-20 16:27:24;30.8;35.0;33.69;102.97;36.15;265.73
2022-09-20 16:27:25;30.8;35.0;33.71;102.31;36.13;263.51
2022-09-20 16:27:26;30.8;35.0;33.69;104.11;36.03;262.85
2022-09-20 16:27:28;30.8;35.0;33.71;106.17;35.99;261.77
2022-09-20 16:27:29;30.8;35.0;33.69;105.65;36.03;262.91
2022-09-20 16:27:30;30.8;35.0;33.71;107.23;37.63;262.49
2022-09-20 16:27:32;30.8;35.0;33.69;107.57;36.01;263.71
2022-09-20 16:27:33;30.8;35.0;33.73;105.11;36.03;263.31
2022-09-20 16:27:34;30.8;35.0;33.73;106.41;36.01;264.09
2022-09-20 16:27:35;30.8;35.0;33.71;105.07;35.97;266.37
2022-09-20 16:27:36;30.8;35.0;33.73;104.19;35.97;266.75
2022-09-20 16:27:38;30.8;35.0;33.71;104.57;35.93;267.89
2022-09-20 16:27:39;30.8;35.0;33.71;105.35;35.91;268.39
2022-09-20 16:27:40;30.8;35.1;33.71;104.59;35.91;270.39
2022-09-20 16:27:41;30.8;35.1;33.71;104.79;35.83;1037.55
2022-09-20 16:27:43;30.8;35.1;33.71;102.25;35.81;270.13
2022-09-20 16:27:44;30.8;35.1;33.69;104.35;35.79;270.35
2022-09-20 16:27:45;30.8;35.1;33.73;102.47;35.75;272.21
2022-09-20 16:27:46;30.8;35.1;33.71;104.79;35.77;271.87
2022-09-20 16:27:48;30.8;35.1;33.69;105.59;36.35;274.19
2022-09-20 16:27:49;30.8;35.1;33.71;108.31;35.77;272.63
2022-09-20 16:27:50;30.8;35.0;33.69;107.07;35.73;273.17
2022-09-20 16:27:51;30.8;35.0;33.69;108.37;35.65;274.75
2022-09-20 16:27:53;30.8;35.0;33.69;107.15;35.59;274.71
2022-09-20 16:27:54;30.8;35.0;33.71;106.21;35.63;276.11
2022-09-20 16:27:55;30.8;35.1;33.71;107.67;35.63;275.73
2022-09-20 16:27:56;30.8;35.1;33.69;106.35;35.63;276.99
2022-09-20 16:27:58;30.8;35.1;33.67;107.05;35.67;277.27
2022-09-20 16:27:59;30.8;35.1;33.69;104.51;35.75;277.01
2022-09-20 16:28:00;30.8;35.1;33.67;106.37;35.71;277.57
2022-09-20 16:28:01;30.8;35.1;33.69;105.23;35.73;277.07
2022-09-20 16:28:03;30.9;35.1;33.67;105.83;35.77;276.41
2022-09-20 16:28:04;30.9;35.1;33.69;105.19;35.79;278.51
2022-09-20 16:28:05;30.8;35.0;33.67;103.69;35.77;279.35
2022-09-20 16:28:06;30.8;35.0;33.69;104.61;35.79;280.81
2022-09-20 16:28:07;30.8;35.0;33.73;103.39;35.83;282.05
2022-09-20 16:28:09;30.8;35.0;33.69;102.11;35.85;284.61
2022-09-20 16:28:10;30.9;35.0;33.69;102.01;35.93;285.81
2022-09-20 16:28:11;30.9;35.0;33.69;104.63;35.93;285.41
2022-09-20 16:28:12;30.8;35.0;33.69;104.47;35.93;286.77
2022-09-20 16:28:13;30.8;35.0;33.69;106.97;35.93;285.11
2022-09-20 16:28:15;30.8;35.0;33.69;106.57;35.93;284.77
2022-09-20 16:28:16;30.8;35.0;33.69;108.65;35.91;284.81
2022-09-20 16:28:17;30.8;35.0;33.69;106.67;35.91;281.67
2022-09-20 16:28:18;30.8;35.0;33.71;106.51;35.91;285.05
2022-09-20 16:28:20;30.8;35.0;33.69;107.25;35.81;284.35
2022-09-20 16:28:21;30.8;35.0;33.67;107.11;35.83;284.53
2022-09-20 16:28:22;30.8;35.0;33.69;106.83;35.83;285.63
2022-09-20 16:28:23;30.8;35.0;33.71;105.51;34.75;286.53
2022-09-20 16:28:25;30.9;35.0;33.67;104.11;35.93;288.15
2022-09-20 16:28:26;30.9;35.0;33.63;104.41;35.95;288.23
2022-09-20 16:28:27;30.8;35.0;33.69;105.01;35.99;287.13
2022-09-20 16:28:28;30.8;35.0;33.69;103.51;35.97;288.65
2022-09-20 16:28:30;30.8;35.0;33.67;104.81;36.03;286.99
2022-09-20 16:28:31;30.8;35.0;33.63;104.57;35.99;286.87
2022-09-20 16:28:32;30.8;35.0;33.69;102.63;36.01;285.99
2022-09-20 16:28:33;30.8;35.0;33.63;103.83;36.01;284.63
2022-09-20 16:28:35;30.8;35.0;33.71;101.67;36.01;281.77
2022-09-20 16:28:36;30.8;35.0;33.69;103.91;36.01;283.33
2022-09-20 16:28:37;30.8;34.9;33.71;102.83;35.97;282.11
2022-09-20 16:28:38;30.8;34.9;33.71;106.17;35.99;281.13
2022-09-20 16:28:40;30.8;34.9;33.69;105.79;35.97;281.45
2022-09-20 16:28:41;30.8;34.9;33.69;108.21;36.03;279.25
2022-09-20 16:28:42;30.8;34.9;33.71;108.37;35.99;277.13
2022-09-20 16:28:43;30.8;34.9;33.69;107.61;36.03;274.57
2022-09-20 16:28:45;30.8;34.9;33.67;107.49;36.03;273.57
2022-09-20 16:28:46;30.8;34.9;33.71;106.99;36.09;271.09
2022-09-20 16:28:47;30.8;34.9;33.71;106.59;36.15;268.91
2022-09-20 16:28:48;30.8;34.9;33.71;105.81;36.15;268.67
2022-09-20 16:28:50;30.8;34.9;33.73;105.11;36.09;267.49
2022-09-20 16:28:51;30.8;34.9;33.71;104.69;36.13;266.83
2022-09-20 16:28:52;30.8;34.9;33.71;104.49;36.05;265.15
2022-09-20 16:28:53;30.8;34.9;33.73;104.03;36.03;263.89
2022-09-20 16:28:55;30.8;35.0;33.71;102.79;35.99;265.05
2022-09-20 16:28:56;30.8;35.0;33.69;102.41;35.97;264.71
2022-09-20 16:28:57;30.8;35.0;33.69;103.45;35.91;263.33
2022-09-20 16:28:58;30.8;35.0;33.69;105.77;35.81;262.57
2022-09-20 16:29:00;30.8;34.9;33.69;107.09;35.75;262.81
2022-09-20 16:29:01;30.8;34.9;33.73;108.25;35.73;263.95
2022-09-20 16:29:02;30.8;34.9;33.73;108.17;35.71;266.35
2022-09-20 16:29:03;30.8;34.9;33.69;108.39;35.65;264.67
2022-09-20 16:29:05;30.8;34.9;33.71;107.99;35.59;266.41
2022-09-20 16:29:06;30.8;34.9;33.71;107.83;35.59;266.47
2022-09-20 16:29:07;30.8;34.9;33.71;107.33;35.53;267.45
2022-09-20 16:29:08;30.8;34.9;33.69;105.25;35.55;268.11
2022-09-20 16:29:09;30.8;34.9;33.67;106.83;35.53;265.93
2022-09-20 16:29:11;30.8;34.9;33.67;105.03;35.51;270.39
2022-09-20 16:29:12;30.8;35.0;33.67;106.15;35.41;269.29
2022-09-20 16:29:13;30.8;35.0;33.67;104.31;35.39;270.71
2022-09-20 16:29:14;30.8;34.9;33.67;105.65;35.19;265.77
2022-09-20 16:29:15;30.8;34.9;33.61;105.57;35.31;269.23
2022-09-20 16:29:17;30.8;35.0;33.63;103.81;35.31;269.35
2022-09-20 16:29:18;30.8;35.0;33.63;104.63;35.27;269.95
2022-09-20 16:29:19;30.8;34.9;33.61;101.89;35.29;270.35
2022-09-20 16:29:20;30.8;34.9;33.61;104.25;35.29;270.29
2022-09-20 16:29:22;30.8;34.9;33.61;102.59;35.33;271.81
2022-09-20 16:29:23;30.8;34.9;33.61;105.93;35.33;272.73
2022-09-20 16:29:24;30.9;34.9;33.61;105.99;37.21;275.11
2022-09-20 16:29:25;30.9;34.9;33.61;108.13;35.39;276.97
2022-09-20 16:29:27;30.9;34.9;33.59;109.59;35.43;275.77
2022-09-20 16:29:28;30.9;34.9;33.57;108.95;35.49;276.57
2022-09-20 16:29:29;30.8;34.9;33.57;108.15;35.55;278.49
2022-09-20 16:29:30;30.8;34.9;33.57;107.33;35.53;279.47
2022-09-20 16:29:32;30.8;34.9;33.59;106.97;35.57;283.29
2022-09-20 16:29:33;30.8;34.9;33.59;105.87;35.63;283.27
2022-09-20 16:29:34;30.8;34.9;33.55;105.25;37.51;286.55
2022-09-20 16:29:35;30.8;34.9;33.57;105.07;35.77;290.39
2022-09-20 16:29:37;30.8;34.9;33.59;104.19;35.81;291.81
2022-09-20 16:29:38;30.8;34.9;33.57;104.35;35.79;289.69
2022-09-20 16:29:39;30.8;34.8;33.57;104.11;38.81;290.13
2022-09-20 16:29:40;30.8;34.8;33.57;104.37;35.73;290.79
2022-09-20 16:29:42;30.9;34.8;33.55;104.31;35.67;292.47
2022-09-20 16:29:43;30.9;34.8;33.55;104.07;35.67;293.73
2022-09-20 16:29:44;30.8;34.9;33.57;104.47;35.65;295.85
2022-09-20 16:29:45;30.8;34.9;33.59;104.03;35.71;295.73
2022-09-20 16:29:47;30.9;34.9;33.57;103.91;35.75;295.95
2022-09-20 16:29:48;30.9;34.9;33.55;104.97;35.75;296.27
2022-09-20 16:29:49;30.8;34.9;33.59;106.03;35.85;299.93
2022-09-20 16:29:50;30.8;34.9;33.57;105.67;35.81;299.57
2022-09-20 16:29:51;30.8;34.9;33.57;106.81;35.85;299.21
2022-09-20 16:29:53;30.8;34.9;33.57;106.83;35.83;300.03
2022-09-20 16:29:54;30.8;34.9;33.55;106.07;35.87;300.81
2022-09-20 16:29:55;30.8;34.9;33.59;107.97;35.81;300.11
2022-09-20 16:29:57;30.8;34.8;33.55;105.85;35.85;302.77
2022-09-20 16:29:58;30.8;34.8;33.57;106.85;35.87;301.83
2022-09-20 16:29:59;30.8;34.9;33.51;104.93;35.85;302.95
2022-09-20 16:30:00;30.8;34.9;33.53;106.51;35.87;301.29
2022-09-20 16:30:02;30.8;34.9;33.55;105.33;35.87;300.51
2022-09-20 16:30:03;30.8;34.9;33.55;103.43;35.85;300.45
2022-09-20 16:30:04;30.8;34.9;33.55;105.73;35.85;300.01
2022-09-20 16:30:05;30.8;34.9;33.57;102.81;35.85;298.63
2022-09-20 16:30:07;30.8;34.9;33.53;104.79;35.81;297.25
2022-09-20 16:30:08;30.8;34.9;33.55;102.07;35.79;296.25
2022-09-20 16:30:09;30.8;34.9;33.53;103.81;35.79;294.39
2022-09-20 16:30:10;30.8;34.9;33.53;102.57;35.79;295.45
2022-09-20 16:30:11;30.8;34.9;33.53;103.07;35.81;293.87
2022-09-20 16:30:13;30.8;34.9;33.51;104.47;35.81;290.99
2022-09-20 16:30:14;30.8;34.9;33.51;105.03;35.85;289.81
2022-09-20 16:30:15;30.8;34.9;33.49;106.59;35.93;288.39
2022-09-20 16:30:16;30.8;34.9;33.49;108.37;35.99;285.37
2022-09-20 16:30:17;30.8;34.9;33.47;108.81;36.05;283.37
2022-09-20 16:30:19;30.8;34.9;33.49;108.35;36.09;280.99
2022-09-20 16:30:20;30.8;34.9;33.49;107.69;36.13;279.63
2022-09-20 16:30:21;30.8;34.9;33.51;106.33;36.13;280.81
2022-09-20 16:30:22;30.8;34.9;33.51;106.57;36.13;277.55
2022-09-20 16:30:24;30.8;34.8;33.51;105.33;36.19;276.83
2022-09-20 16:30:25;30.8;34.8;33.51;104.63;35.73;274.43
2022-09-20 16:30:26;30.8;34.9;33.49;103.77;36.31;273.47
2022-09-20 16:30:27;30.8;34.9;33.47;103.91;36.29;270.91
2022-09-20 16:30:29;30.8;34.8;33.47;103.33;36.25;266.65
2022-09-20 16:30:30;30.8;34.8;33.49;104.13;36.23;266.75
2022-09-20 16:30:31;30.9;34.8;33.51;103.99;36.35;266.59
2022-09-20 16:30:32;30.9;34.8;33.49;104.45;36.17;264.99
2022-09-20 16:30:34;30.9;34.8;33.51;105.93;36.15;263.81
2022-09-20 16:30:35;30.9;34.8;33.51;106.67;36.09;263.13
2022-09-20 16:30:36;30.8;34.8;33.47;108.51;36.07;263.43
2022-09-20 16:30:37;30.8;34.8;33.49;108.21;36.09;265.29
2022-09-20 16:30:39;30.8;34.8;33.47;107.41;36.07;265.49
2022-09-20 16:30:40;30.8;34.8;33.49;106.71;36.07;265.61
2022-09-20 16:30:41;30.8;34.7;33.47;107.17;36.07;267.11
2022-09-20 16:30:42;30.8;34.7;33.47;108.01;1037.55;267.33
2022-09-20 16:30:44;30.8;34.7;33.47;105.85;36.09;268.53
2022-09-20 16:30:45;30.8;34.7;33.51;107.61;36.13;268.55
2022-09-20 16:30:46;30.8;34.7;33.47;107.29;36.15;268.73
2022-09-20 16:30:47;30.8;34.7;33.49;104.39;36.13;267.85
2022-09-20 16:30:49;30.8;34.8;33.45;106.59;36.09;269.01
2022-09-20 16:30:50;30.8;34.8;33.51;103.73;36.09;269.23
2022-09-20 16:30:51;30.8;34.7;33.51;105.93;36.05;269.55
2022-09-20 16:30:52;30.8;34.7;33.49;103.53;36.01;270.53
2022-09-20 16:30:54;30.8;34.8;33.51;105.39;35.99;272.11
2022-09-20 16:30:55;30.8;34.8;33.49;104.63;35.97;272.65
2022-09-20 16:30:56;30.8;34.8;33.51;104.03;35.97;274.71
2022-09-20 16:30:57;30.8;34.8;33.53;104.13;35.97;274.21
2022-09-20 16:30:59;30.9;34.8;33.49;105.13;35.97;273.97
2022-09-20 16:31:00;30.9;34.8;33.51;105.67;35.93;273.81
2022-09-20 16:31:01;30.8;34.8;33.49;107.21;35.91;275.47
2022-09-20 16:31:02;30.8;34.8;33.47;107.89;35.83;275.99
2022-09-20 16:31:04;30.8;34.8;33.51;107.61;35.83;276.47
2022-09-20 16:31:05;30.8;34.8;33.51;107.85;35.85;278.25
2022-09-20 16:31:06;30.8;34.8;33.51;107.13;35.87;280.71
2022-09-20 16:31:07;30.8;34.8;33.51;105.97;35.91;280.37
2022-09-20 16:31:09;30.8;34.8;33.49;105.75;35.93;278.65
2022-09-20 16:31:10;30.8;34.8;33.49;106.09;35.91;278.09
2022-09-20 16:31:11;30.9;34.9;33.51;105.23;35.93;277.75
2022-09-20 16:31:12;30.9;34.9;33.47;106.25;35.87;277.63
2022-09-20 16:31:13;30.8;34.8;33.49;105.87;35.83;277.31
2022-09-20 16:31:15;30.8;34.8;33.49;105.59;35.83;277.73
2022-09-20 16:31:16;30.8;34.8;33.47;105.33;35.79;276.83
2022-09-20 16:31:17;30.8;34.8;33.49;105.07;35.79;276.73
2022-09-20 16:31:18;30.8;34.8;33.49;104.85;35.83;276.47
2022-09-20 16:31:19;30.8;34.8;33.51;103.99;35.83;278.79
2022-09-20 16:31:21;30.8;34.8;33.49;102.57;35.91;277.75
2022-09-20 16:31:22;30.8;34.8;33.51;101.63;1034.35;277.45
2022-09-20 16:31:23;30.8;34.8;33.47;102.15;35.83;278.85
2022-09-20 16:31:24;30.8;34.8;33.49;103.21;35.85;278.99
2022-09-20 16:31:26;30.8;34.8;33.49;104.57;35.85;279.33
2022-09-20 16:31:27;30.8;34.8;33.51;106.09;35.81;277.29
2022-09-20 16:31:28;30.8;34.8;33.49;77.77;35.77;276.99
2022-09-20 16:31:29;30.8;34.8;33.49;40.01;35.77;274.87
2022-09-20 16:31:31;30.9;34.8;33.47;35.21;35.77;274.15
2022-09-20 16:31:32;30.9;34.8;33.45;34.71;35.75;273.85
2022-09-20 16:31:33;30.9;34.8;33.41;34.97;35.67;271.19
2022-09-20 16:31:34;30.9;34.8;33.39;34.89;35.61;272.63
2022-09-20 16:31:36;30.8;34.8;33.37;34.55;35.59;271.11
